{
  "actuarial_rationale": "auto",
  "description": "ft: FF=0.522 L2=12.9",
  "hypothesis": "ft",
  "id": "lightgbm_ft_0006",
  "is_baseline": false,
  "lightgbm": {
    "capped_severity_grid": [
      {
        "bagging_fraction": 0.5218799247307734,
        "feature_fraction": 0.5218799247307734,
        "lambda_l2": 10.880276022142349,
        "learning_rate": 0.036,
        "min_data_in_leaf": 200,
        "num_leaves": 7
      },
      {
        "bagging_fraction": 0.5218799247307734,
        "feature_fraction": 0.4718799247307734,
        "lambda_l2": 9.880276022142349,
        "learning_rate": 0.031,
        "min_data_in_leaf": 150,
        "num_leaves": 11
      }
    ],
    "early_stopping_rounds": 22,
    "frequency_grid": [
      {
        "bagging_fraction": 0.5218799247307734,
        "feature_fraction": 0.5218799247307734,
        "lambda_l2": 12.880276022142349,
        "learning_rate": 0.036,
        "min_data_in_leaf": 1700,
        "num_leaves": 16
      },
      {
        "bagging_fraction": 0.5218799247307734,
        "feature_fraction": 0.4718799247307734,
        "lambda_l2": 10.880276022142349,
        "learning_rate": 0.031,
        "min_data_in_leaf": 1400,
        "num_leaves": 24
      }
    ],
    "nrounds": 175,
    "severity_grid": [
      {
        "bagging_fraction": 0.5218799247307734,
        "feature_fraction": 0.5218799247307734,
        "lambda_l2": 10.880276022142349,
        "learning_rate": 0.036,
        "min_data_in_leaf": 200,
        "num_leaves": 7
      },
      {
        "bagging_fraction": 0.5218799247307734,
        "feature_fraction": 0.4718799247307734,
        "lambda_l2": 9.880276022142349,
        "learning_rate": 0.031,
        "min_data_in_leaf": 150,
        "num_leaves": 11
      }
    ]
  },
  "model_type": "lightgbm"
}
