{
  "actuarial_rationale": "auto",
  "description": "ft: FF=0.508 L2=13.0",
  "hypothesis": "ft",
  "id": "lightgbm_ft_0009",
  "is_baseline": false,
  "lightgbm": {
    "capped_severity_grid": [
      {
        "bagging_fraction": 0.5076470948877827,
        "feature_fraction": 0.5076470948877827,
        "lambda_l2": 11.018942501328047,
        "learning_rate": 0.036,
        "min_data_in_leaf": 200,
        "num_leaves": 7
      },
      {
        "bagging_fraction": 0.5076470948877827,
        "feature_fraction": 0.4576470948877827,
        "lambda_l2": 10.018942501328047,
        "learning_rate": 0.031,
        "min_data_in_leaf": 150,
        "num_leaves": 11
      }
    ],
    "early_stopping_rounds": 22,
    "frequency_grid": [
      {
        "bagging_fraction": 0.5076470948877827,
        "feature_fraction": 0.5076470948877827,
        "lambda_l2": 13.018942501328047,
        "learning_rate": 0.036,
        "min_data_in_leaf": 1700,
        "num_leaves": 14
      },
      {
        "bagging_fraction": 0.5076470948877827,
        "feature_fraction": 0.4576470948877827,
        "lambda_l2": 11.018942501328047,
        "learning_rate": 0.031,
        "min_data_in_leaf": 1400,
        "num_leaves": 22
      }
    ],
    "nrounds": 175,
    "severity_grid": [
      {
        "bagging_fraction": 0.5076470948877827,
        "feature_fraction": 0.5076470948877827,
        "lambda_l2": 11.018942501328047,
        "learning_rate": 0.036,
        "min_data_in_leaf": 200,
        "num_leaves": 7
      },
      {
        "bagging_fraction": 0.5076470948877827,
        "feature_fraction": 0.4576470948877827,
        "lambda_l2": 10.018942501328047,
        "learning_rate": 0.031,
        "min_data_in_leaf": 150,
        "num_leaves": 11
      }
    ]
  },
  "model_type": "lightgbm"
}
