{
  "actuarial_rationale": "Breaking plateau with new direction",
  "description": "Explore: different_lr. FF=0.520, L2=13.3, leaves=15",
  "hypothesis": "Exploration: different_lr",
  "id": "lightgbm_ex_0009",
  "is_baseline": false,
  "lightgbm": {
    "capped_severity_grid": [
      {
        "bagging_fraction": 0.5197304698501964,
        "feature_fraction": 0.5197304698501964,
        "lambda_l2": 11.338479462727777,
        "learning_rate": 0.036,
        "min_data_in_leaf": 205,
        "num_leaves": 7
      },
      {
        "bagging_fraction": 0.5197304698501964,
        "feature_fraction": 0.46973046985019645,
        "lambda_l2": 10.338479462727777,
        "learning_rate": 0.031,
        "min_data_in_leaf": 155,
        "num_leaves": 11
      }
    ],
    "early_stopping_rounds": 22,
    "frequency_grid": [
      {
        "bagging_fraction": 0.5197304698501964,
        "feature_fraction": 0.5197304698501964,
        "lambda_l2": 13.338479462727777,
        "learning_rate": 0.036,
        "min_data_in_leaf": 1700,
        "num_leaves": 15
      },
      {
        "bagging_fraction": 0.5197304698501964,
        "feature_fraction": 0.46973046985019645,
        "lambda_l2": 11.338479462727777,
        "learning_rate": 0.031,
        "min_data_in_leaf": 1400,
        "num_leaves": 23
      }
    ],
    "nrounds": 180,
    "severity_grid": [
      {
        "bagging_fraction": 0.5197304698501964,
        "feature_fraction": 0.5197304698501964,
        "lambda_l2": 11.338479462727777,
        "learning_rate": 0.036,
        "min_data_in_leaf": 205,
        "num_leaves": 7
      },
      {
        "bagging_fraction": 0.5197304698501964,
        "feature_fraction": 0.46973046985019645,
        "lambda_l2": 10.338479462727777,
        "learning_rate": 0.031,
        "min_data_in_leaf": 155,
        "num_leaves": 11
      }
    ]
  },
  "model_type": "lightgbm"
}
