{
  "actuarial_rationale": "Breaking plateau with new direction",
  "description": "Explore: different_lr. FF=0.512, L2=12.9, leaves=16",
  "hypothesis": "Exploration: different_lr",
  "id": "lightgbm_ex_0010",
  "is_baseline": false,
  "lightgbm": {
    "capped_severity_grid": [
      {
        "bagging_fraction": 0.5120447640044713,
        "feature_fraction": 0.5120447640044713,
        "lambda_l2": 10.914561702179158,
        "learning_rate": 0.036,
        "min_data_in_leaf": 205,
        "num_leaves": 7
      },
      {
        "bagging_fraction": 0.5120447640044713,
        "feature_fraction": 0.4620447640044713,
        "lambda_l2": 9.914561702179158,
        "learning_rate": 0.031,
        "min_data_in_leaf": 155,
        "num_leaves": 11
      }
    ],
    "early_stopping_rounds": 22,
    "frequency_grid": [
      {
        "bagging_fraction": 0.5120447640044713,
        "feature_fraction": 0.5120447640044713,
        "lambda_l2": 12.914561702179158,
        "learning_rate": 0.036,
        "min_data_in_leaf": 1700,
        "num_leaves": 16
      },
      {
        "bagging_fraction": 0.5120447640044713,
        "feature_fraction": 0.4620447640044713,
        "lambda_l2": 10.914561702179158,
        "learning_rate": 0.031,
        "min_data_in_leaf": 1400,
        "num_leaves": 24
      }
    ],
    "nrounds": 180,
    "severity_grid": [
      {
        "bagging_fraction": 0.5120447640044713,
        "feature_fraction": 0.5120447640044713,
        "lambda_l2": 10.914561702179158,
        "learning_rate": 0.036,
        "min_data_in_leaf": 205,
        "num_leaves": 7
      },
      {
        "bagging_fraction": 0.5120447640044713,
        "feature_fraction": 0.4620447640044713,
        "lambda_l2": 9.914561702179158,
        "learning_rate": 0.031,
        "min_data_in_leaf": 155,
        "num_leaves": 11
      }
    ]
  },
  "model_type": "lightgbm"
}
