{
  "actuarial_rationale": "auto",
  "description": "ps: FF=0.509 L2=16.4",
  "hypothesis": "ps",
  "id": "lightgbm_ps_0003",
  "is_baseline": false,
  "lightgbm": {
    "capped_severity_grid": [
      {
        "bagging_fraction": 0.5094727866915792,
        "feature_fraction": 0.5094727866915792,
        "lambda_l2": 14.358227418618455,
        "learning_rate": 0.036,
        "min_data_in_leaf": 200,
        "num_leaves": 7
      },
      {
        "bagging_fraction": 0.5094727866915792,
        "feature_fraction": 0.45947278669157926,
        "lambda_l2": 13.358227418618455,
        "learning_rate": 0.031,
        "min_data_in_leaf": 150,
        "num_leaves": 11
      }
    ],
    "early_stopping_rounds": 22,
    "frequency_grid": [
      {
        "bagging_fraction": 0.5094727866915792,
        "feature_fraction": 0.5094727866915792,
        "lambda_l2": 16.358227418618455,
        "learning_rate": 0.036,
        "min_data_in_leaf": 1700,
        "num_leaves": 19
      },
      {
        "bagging_fraction": 0.5094727866915792,
        "feature_fraction": 0.45947278669157926,
        "lambda_l2": 14.358227418618455,
        "learning_rate": 0.031,
        "min_data_in_leaf": 1400,
        "num_leaves": 27
      }
    ],
    "nrounds": 175,
    "severity_grid": [
      {
        "bagging_fraction": 0.5094727866915792,
        "feature_fraction": 0.5094727866915792,
        "lambda_l2": 14.358227418618455,
        "learning_rate": 0.036,
        "min_data_in_leaf": 200,
        "num_leaves": 7
      },
      {
        "bagging_fraction": 0.5094727866915792,
        "feature_fraction": 0.45947278669157926,
        "lambda_l2": 13.358227418618455,
        "learning_rate": 0.031,
        "min_data_in_leaf": 150,
        "num_leaves": 11
      }
    ]
  },
  "model_type": "lightgbm"
}
