{
  "actuarial_rationale": "Breaking plateau with new direction",
  "description": "Explore: fewer_leaves. FF=0.509, L2=14.1, leaves=12",
  "hypothesis": "Exploration: fewer_leaves",
  "id": "lightgbm_ex_0011",
  "is_baseline": false,
  "lightgbm": {
    "capped_severity_grid": [
      {
        "bagging_fraction": 0.5094205216137905,
        "feature_fraction": 0.5094205216137905,
        "lambda_l2": 12.051775280494489,
        "learning_rate": 0.036,
        "min_data_in_leaf": 205,
        "num_leaves": 7
      },
      {
        "bagging_fraction": 0.5094205216137905,
        "feature_fraction": 0.4594205216137905,
        "lambda_l2": 11.051775280494489,
        "learning_rate": 0.031,
        "min_data_in_leaf": 155,
        "num_leaves": 11
      }
    ],
    "early_stopping_rounds": 22,
    "frequency_grid": [
      {
        "bagging_fraction": 0.5094205216137905,
        "feature_fraction": 0.5094205216137905,
        "lambda_l2": 14.051775280494489,
        "learning_rate": 0.036,
        "min_data_in_leaf": 1700,
        "num_leaves": 12
      },
      {
        "bagging_fraction": 0.5094205216137905,
        "feature_fraction": 0.4594205216137905,
        "lambda_l2": 12.051775280494489,
        "learning_rate": 0.031,
        "min_data_in_leaf": 1400,
        "num_leaves": 20
      }
    ],
    "nrounds": 180,
    "severity_grid": [
      {
        "bagging_fraction": 0.5094205216137905,
        "feature_fraction": 0.5094205216137905,
        "lambda_l2": 12.051775280494489,
        "learning_rate": 0.036,
        "min_data_in_leaf": 205,
        "num_leaves": 7
      },
      {
        "bagging_fraction": 0.5094205216137905,
        "feature_fraction": 0.4594205216137905,
        "lambda_l2": 11.051775280494489,
        "learning_rate": 0.031,
        "min_data_in_leaf": 155,
        "num_leaves": 11
      }
    ]
  },
  "model_type": "lightgbm"
}
