{
  "actuarial_rationale": "auto",
  "description": "ft: FF=0.516 L2=13.4",
  "hypothesis": "ft",
  "id": "lightgbm_ft_0026",
  "is_baseline": false,
  "lightgbm": {
    "capped_severity_grid": [
      {
        "bagging_fraction": 0.5160173030980246,
        "feature_fraction": 0.5160173030980246,
        "lambda_l2": 11.385312345706728,
        "learning_rate": 0.036,
        "min_data_in_leaf": 200,
        "num_leaves": 7
      },
      {
        "bagging_fraction": 0.5160173030980246,
        "feature_fraction": 0.46601730309802464,
        "lambda_l2": 10.385312345706728,
        "learning_rate": 0.031,
        "min_data_in_leaf": 150,
        "num_leaves": 11
      }
    ],
    "early_stopping_rounds": 22,
    "frequency_grid": [
      {
        "bagging_fraction": 0.5160173030980246,
        "feature_fraction": 0.5160173030980246,
        "lambda_l2": 13.385312345706728,
        "learning_rate": 0.036,
        "min_data_in_leaf": 1700,
        "num_leaves": 17
      },
      {
        "bagging_fraction": 0.5160173030980246,
        "feature_fraction": 0.46601730309802464,
        "lambda_l2": 11.385312345706728,
        "learning_rate": 0.031,
        "min_data_in_leaf": 1400,
        "num_leaves": 25
      }
    ],
    "nrounds": 175,
    "severity_grid": [
      {
        "bagging_fraction": 0.5160173030980246,
        "feature_fraction": 0.5160173030980246,
        "lambda_l2": 11.385312345706728,
        "learning_rate": 0.036,
        "min_data_in_leaf": 200,
        "num_leaves": 7
      },
      {
        "bagging_fraction": 0.5160173030980246,
        "feature_fraction": 0.46601730309802464,
        "lambda_l2": 10.385312345706728,
        "learning_rate": 0.031,
        "min_data_in_leaf": 150,
        "num_leaves": 11
      }
    ]
  },
  "model_type": "lightgbm"
}
