"model_id","seed","capped_pp_gini","raw_pp_gini","capped_pp_mae","capped_pp_rmse","capped_pp_calibration_gap","raw_pp_calibration_gap","bad_prediction_count","policy_leakage_count"
"lightgbm_regularized_challenger",20260423,0.207529622984854,0.38601281200118,215.484572014583,1755.44060943525,-0.00564225504949285,-0.210339338731862,0,0
"lightgbm_regularized_challenger",20260431,0.209126456027208,0.387782376781854,215.202032266294,1755.41205663227,-0.00842633828311329,-0.188826285268544,0,0
"lightgbm_regularized_challenger",20260439,0.211482082714733,0.381598816343058,217.135496582122,1755.34885525278,0.0104271665675851,-0.170707998308962,0,0
