{
  "actuarial_rationale": "Autonomous exploration",
  "description": "FINE_TUNE: FF=0.517, L2=13.0, leaves=16",
  "hypothesis": "FINE_TUNE approach",
  "id": "lightgbm_ft_0007",
  "is_baseline": false,
  "lightgbm": {
    "capped_severity_grid": [
      {
        "bagging_fraction": 0.5171136177065169,
        "feature_fraction": 0.5171136177065169,
        "lambda_l2": 10.950987106462463,
        "learning_rate": 0.036,
        "min_data_in_leaf": 200,
        "num_leaves": 7
      },
      {
        "bagging_fraction": 0.5171136177065169,
        "feature_fraction": 0.4671136177065169,
        "lambda_l2": 9.950987106462463,
        "learning_rate": 0.031,
        "min_data_in_leaf": 150,
        "num_leaves": 11
      }
    ],
    "early_stopping_rounds": 22,
    "frequency_grid": [
      {
        "bagging_fraction": 0.5171136177065169,
        "feature_fraction": 0.5171136177065169,
        "lambda_l2": 12.950987106462463,
        "learning_rate": 0.036,
        "min_data_in_leaf": 1700,
        "num_leaves": 16
      },
      {
        "bagging_fraction": 0.5171136177065169,
        "feature_fraction": 0.4671136177065169,
        "lambda_l2": 10.950987106462463,
        "learning_rate": 0.031,
        "min_data_in_leaf": 1400,
        "num_leaves": 24
      }
    ],
    "nrounds": 175,
    "severity_grid": [
      {
        "bagging_fraction": 0.5171136177065169,
        "feature_fraction": 0.5171136177065169,
        "lambda_l2": 10.950987106462463,
        "learning_rate": 0.036,
        "min_data_in_leaf": 200,
        "num_leaves": 7
      },
      {
        "bagging_fraction": 0.5171136177065169,
        "feature_fraction": 0.4671136177065169,
        "lambda_l2": 9.950987106462463,
        "learning_rate": 0.031,
        "min_data_in_leaf": 150,
        "num_leaves": 11
      }
    ]
  },
  "model_type": "lightgbm"
}
