{
  "actuarial_rationale": "auto",
  "description": "ps: FF=0.486 L2=16.4",
  "hypothesis": "ps",
  "id": "lightgbm_ps_0014",
  "is_baseline": false,
  "lightgbm": {
    "capped_severity_grid": [
      {
        "bagging_fraction": 0.4855139467332221,
        "feature_fraction": 0.4855139467332221,
        "lambda_l2": 14.436629093668188,
        "learning_rate": 0.036,
        "min_data_in_leaf": 200,
        "num_leaves": 7
      },
      {
        "bagging_fraction": 0.4855139467332221,
        "feature_fraction": 0.43551394673322213,
        "lambda_l2": 13.436629093668188,
        "learning_rate": 0.031,
        "min_data_in_leaf": 150,
        "num_leaves": 11
      }
    ],
    "early_stopping_rounds": 22,
    "frequency_grid": [
      {
        "bagging_fraction": 0.4855139467332221,
        "feature_fraction": 0.4855139467332221,
        "lambda_l2": 16.436629093668188,
        "learning_rate": 0.036,
        "min_data_in_leaf": 1700,
        "num_leaves": 17
      },
      {
        "bagging_fraction": 0.4855139467332221,
        "feature_fraction": 0.43551394673322213,
        "lambda_l2": 14.436629093668188,
        "learning_rate": 0.031,
        "min_data_in_leaf": 1400,
        "num_leaves": 25
      }
    ],
    "nrounds": 175,
    "severity_grid": [
      {
        "bagging_fraction": 0.4855139467332221,
        "feature_fraction": 0.4855139467332221,
        "lambda_l2": 14.436629093668188,
        "learning_rate": 0.036,
        "min_data_in_leaf": 200,
        "num_leaves": 7
      },
      {
        "bagging_fraction": 0.4855139467332221,
        "feature_fraction": 0.43551394673322213,
        "lambda_l2": 13.436629093668188,
        "learning_rate": 0.031,
        "min_data_in_leaf": 150,
        "num_leaves": 11
      }
    ]
  },
  "model_type": "lightgbm"
}
