{
  "actuarial_rationale": "Autonomous research",
  "description": "FINE_TUNE: FF=0.521 L2=13.0 L=16",
  "hypothesis": "FINE_TUNE approach",
  "id": "lightgbm_fine_tune_0001",
  "is_baseline": false,
  "lightgbm": {
    "capped_severity_grid": [
      {
        "bagging_fraction": 0.5211096852411505,
        "feature_fraction": 0.5211096852411505,
        "lambda_l2": 11.025001592752773,
        "learning_rate": 0.036,
        "min_data_in_leaf": 200,
        "num_leaves": 7
      },
      {
        "bagging_fraction": 0.5211096852411505,
        "feature_fraction": 0.47110968524115054,
        "lambda_l2": 10.025001592752773,
        "learning_rate": 0.031,
        "min_data_in_leaf": 150,
        "num_leaves": 11
      }
    ],
    "early_stopping_rounds": 22,
    "frequency_grid": [
      {
        "bagging_fraction": 0.5211096852411505,
        "feature_fraction": 0.5211096852411505,
        "lambda_l2": 13.025001592752773,
        "learning_rate": 0.036,
        "min_data_in_leaf": 1700,
        "num_leaves": 16
      },
      {
        "bagging_fraction": 0.5211096852411505,
        "feature_fraction": 0.47110968524115054,
        "lambda_l2": 11.025001592752773,
        "learning_rate": 0.031,
        "min_data_in_leaf": 1400,
        "num_leaves": 24
      }
    ],
    "nrounds": 175,
    "severity_grid": [
      {
        "bagging_fraction": 0.5211096852411505,
        "feature_fraction": 0.5211096852411505,
        "lambda_l2": 11.025001592752773,
        "learning_rate": 0.036,
        "min_data_in_leaf": 200,
        "num_leaves": 7
      },
      {
        "bagging_fraction": 0.5211096852411505,
        "feature_fraction": 0.47110968524115054,
        "lambda_l2": 10.025001592752773,
        "learning_rate": 0.031,
        "min_data_in_leaf": 150,
        "num_leaves": 11
      }
    ]
  },
  "model_type": "lightgbm"
}
