{
  "actuarial_rationale": "Exploiting sweet spot",
  "description": "Fine-tune: combo. FF=0.520, L2=13.1",
  "hypothesis": "Targeted combo variation",
  "id": "lightgbm_ft_0006",
  "is_baseline": false,
  "lightgbm": {
    "capped_severity_grid": [
      {
        "bagging_fraction": 0.5195326015329661,
        "feature_fraction": 0.5195326015329661,
        "lambda_l2": 10.110059434051502,
        "learning_rate": 0.036,
        "min_data_in_leaf": 215,
        "num_leaves": 7
      },
      {
        "bagging_fraction": 0.5195326015329661,
        "feature_fraction": 0.4695326015329661,
        "lambda_l2": 9.110059434051502,
        "learning_rate": 0.030999999999999996,
        "min_data_in_leaf": 165,
        "num_leaves": 11
      }
    ],
    "early_stopping_rounds": 22,
    "frequency_grid": [
      {
        "bagging_fraction": 0.5195326015329661,
        "feature_fraction": 0.5195326015329661,
        "lambda_l2": 13.110059434051502,
        "learning_rate": 0.036,
        "min_data_in_leaf": 1700,
        "num_leaves": 17
      },
      {
        "bagging_fraction": 0.5195326015329661,
        "feature_fraction": 0.4695326015329661,
        "lambda_l2": 11.110059434051502,
        "learning_rate": 0.030999999999999996,
        "min_data_in_leaf": 1360,
        "num_leaves": 25
      }
    ],
    "nrounds": 178,
    "severity_grid": [
      {
        "bagging_fraction": 0.5195326015329661,
        "feature_fraction": 0.5195326015329661,
        "lambda_l2": 10.110059434051502,
        "learning_rate": 0.036,
        "min_data_in_leaf": 215,
        "num_leaves": 7
      },
      {
        "bagging_fraction": 0.5195326015329661,
        "feature_fraction": 0.4695326015329661,
        "lambda_l2": 9.110059434051502,
        "learning_rate": 0.030999999999999996,
        "min_data_in_leaf": 165,
        "num_leaves": 11
      }
    ]
  },
  "model_type": "lightgbm"
}
