"model_id","prediction","sampled_policies","median_cv","p95_cv","max_cv"
"lightgbm_best_191","capped_pp",1000,0.0475031086930246,0.103432797595843,0.187531556081313
"lightgbm_best_191","raw_pp",1000,0.063926896768897,0.139849321764097,0.21224515174228
