"model_id","seed","capped_pp_gini","raw_pp_gini","capped_pp_mae","capped_pp_rmse","capped_pp_calibration_gap","raw_pp_calibration_gap","bad_prediction_count","policy_leakage_count"
"lightgbm_best_191",20260423,0.206527337424093,0.387902668948042,215.047228820191,1755.53227438595,-0.00991270838525616,-0.238778087597932,0,0
"lightgbm_best_191",20260431,0.204286659597329,0.37252316986568,214.00176345621,1755.45078107471,-0.0197202232635305,-0.221985933881379,0,0
"lightgbm_best_191",20260439,0.206692046212928,0.372420252654349,216.90213646026,1755.43627434097,0.00876754195358048,-0.199519720458105,0,0
