"fold","policies","claim_rows","observed_claims","predicted_claims","frequency_gini","frequency_mae","frequency_rmse","frequency_poisson_deviance","raw_severity_mae","raw_severity_rmse","raw_severity_gamma_deviance","capped_severity_mae","capped_severity_rmse","capped_severity_gamma_deviance","raw_pp_gini","raw_pp_mae","raw_pp_rmse","raw_pp_observed_loss_cost","raw_pp_predicted_loss_cost","raw_pp_calibration_gap","capped_pp_gini","capped_pp_mae","capped_pp_rmse","capped_pp_observed_loss_cost","capped_pp_predicted_loss_cost","capped_pp_calibration_gap","bad_prediction_count","parameter_count","frequency_aic","severity_aic","capped_severity_aic","frequency_bic","severity_bic","capped_severity_bic","max_abs_coefficient","policy_leakage_count"
1,110179,4303,4303,4311.60897082293,0.177248457181052,0.132325620142694,0.488288256739799,0.251176604383112,2116.92004735877,23502.2682780947,1.84746645379037,1236.84502077555,3313.56152116116,1.14212525637647,0.335570205181281,284.251599269177,10001.3288574406,161.710716456442,135.790791900356,-0.160285756714628,0.207838979218778,218.767432228408,2872.87684548664,114.537600613732,115.608496886364,0.00934973551823788,0,,,,,,,,,0
2,110178,4312,4312,4309.74813455481,0.177893838647092,0.132381481272454,0.470663378235104,0.250374283999321,1655.32160222688,9015.90233352407,1.71487318388781,1257.16081016129,3658.19831686281,1.26061834736198,0.0840298199714344,247.515039170953,8401.42549898515,144.925443892339,114.038128722766,-0.213125551594092,0.155793634204005,218.990234442439,2773.59126491235,120.815403835505,109.021131247513,-0.0976222585329453,0,,,,,,,,,0
3,110178,4326,4326,4309.37838290358,0.191720233647021,0.132515698224534,0.464417199444347,0.251362626228071,1675.33432751857,6524.93263257335,1.35800105872705,1202.00765321004,3048.28020791439,1.11718597581403,0.205251610151246,254.154978748294,3437.02397541333,124.963620134835,143.203487671912,0.145961420751071,0.199512557906551,216.008270686639,1953.6927712668,110.741277583998,116.788939583528,0.0546107299055044,0,,,,,,,,,0
