"fold","policies","claim_rows","observed_claims","predicted_claims","frequency_gini","frequency_mae","frequency_rmse","frequency_poisson_deviance","raw_severity_mae","raw_severity_rmse","raw_severity_gamma_deviance","capped_severity_mae","capped_severity_rmse","capped_severity_gamma_deviance","raw_pp_gini","raw_pp_mae","raw_pp_rmse","raw_pp_observed_loss_cost","raw_pp_predicted_loss_cost","raw_pp_calibration_gap","capped_pp_gini","capped_pp_mae","capped_pp_rmse","capped_pp_observed_loss_cost","capped_pp_predicted_loss_cost","capped_pp_calibration_gap","bad_prediction_count","parameter_count","frequency_aic","severity_aic","capped_severity_aic","frequency_bic","severity_bic","capped_severity_bic","max_abs_coefficient","policy_leakage_count"
1,110179,4303,4303,4312.45793883611,0.176297540128038,0.132341877006567,0.488294875092479,0.251216725951287,2117.41181904023,23502.2566010392,1.84732929339602,1233.7052554182,3313.32178308884,1.14149447936607,0.335017203574314,284.32536070966,10001.3273056023,161.710716456442,135.862614962153,-0.15984161137058,0.207178987726164,218.450527495458,2872.87663616861,114.537600613732,115.260348672952,0.00631013794026608,0,,,,,,,,,0
2,110178,4312,4312,4309.94939223066,0.177821437460446,0.132383590507225,0.470662228471963,0.250366749465758,1665.27993743352,9010.45884682401,1.67643215952301,1257.71753643434,3658.07514135417,1.26021616973567,0.102629304158006,249.094573813979,8401.39354783761,144.925443892339,115.719674334849,-0.20152271935897,0.158335543387492,219.036259535031,2773.58416973815,120.815403835505,109.08640128935,-0.0970820125066576,0,,,,,,,,,0
3,110178,4326,4326,4310.32247167692,0.190634495505033,0.132523960579695,0.464415915255067,0.251370546370217,1681.26627369409,6525.39845957667,1.35944911969408,1175.14253461028,3050.61721218213,1.1226879467521,0.204610051536868,254.449224984893,3437.01782725002,124.963620134835,143.55043423794,0.148737801314096,0.18638902106998,213.136553876047,1953.6908081221,110.741277583998,113.689397847517,0.0266216927223271,0,,,,,,,,,0
