{
  "actuarial_rationale": "Autonomous exploration",
  "description": "EXPLORE: FF=0.482, L2=11.2, leaves=19",
  "hypothesis": "EXPLORE approach",
  "id": "lightgbm_ex_0006",
  "is_baseline": false,
  "lightgbm": {
    "capped_severity_grid": [
      {
        "bagging_fraction": 0.4817886591579052,
        "feature_fraction": 0.4817886591579052,
        "lambda_l2": 9.238936958692936,
        "learning_rate": 0.036,
        "min_data_in_leaf": 200,
        "num_leaves": 7
      },
      {
        "bagging_fraction": 0.4817886591579052,
        "feature_fraction": 0.4317886591579052,
        "lambda_l2": 8.238936958692936,
        "learning_rate": 0.031,
        "min_data_in_leaf": 150,
        "num_leaves": 11
      }
    ],
    "early_stopping_rounds": 22,
    "frequency_grid": [
      {
        "bagging_fraction": 0.4817886591579052,
        "feature_fraction": 0.4817886591579052,
        "lambda_l2": 11.238936958692936,
        "learning_rate": 0.036,
        "min_data_in_leaf": 1700,
        "num_leaves": 19
      },
      {
        "bagging_fraction": 0.4817886591579052,
        "feature_fraction": 0.4317886591579052,
        "lambda_l2": 9.238936958692936,
        "learning_rate": 0.031,
        "min_data_in_leaf": 1400,
        "num_leaves": 27
      }
    ],
    "nrounds": 175,
    "severity_grid": [
      {
        "bagging_fraction": 0.4817886591579052,
        "feature_fraction": 0.4817886591579052,
        "lambda_l2": 9.238936958692936,
        "learning_rate": 0.036,
        "min_data_in_leaf": 200,
        "num_leaves": 7
      },
      {
        "bagging_fraction": 0.4817886591579052,
        "feature_fraction": 0.4317886591579052,
        "lambda_l2": 8.238936958692936,
        "learning_rate": 0.031,
        "min_data_in_leaf": 150,
        "num_leaves": 11
      }
    ]
  },
  "model_type": "lightgbm"
}
