"fold","policies","claim_rows","observed_claims","predicted_claims","frequency_gini","frequency_mae","frequency_rmse","frequency_poisson_deviance","raw_severity_mae","raw_severity_rmse","raw_severity_gamma_deviance","capped_severity_mae","capped_severity_rmse","capped_severity_gamma_deviance","raw_pp_gini","raw_pp_mae","raw_pp_rmse","raw_pp_observed_loss_cost","raw_pp_predicted_loss_cost","raw_pp_calibration_gap","capped_pp_gini","capped_pp_mae","capped_pp_rmse","capped_pp_observed_loss_cost","capped_pp_predicted_loss_cost","capped_pp_calibration_gap","bad_prediction_count","parameter_count","frequency_aic","severity_aic","capped_severity_aic","frequency_bic","severity_bic","capped_severity_bic","max_abs_coefficient","policy_leakage_count"
1,110179,4303,4303,4313.93388395326,0.175648970351313,0.132410620229462,0.488326742946556,0.251352939750855,2111.94628285284,23502.1596092256,1.8467831131066,1242.97713722035,3314.31907534377,1.14395822707246,0.325983222155985,283.891341156194,10001.3949034379,161.710716456442,135.326149256405,-0.163159052029455,0.204594957879855,219.416494442405,2872.90910243473,114.537600613732,116.235192371271,0.0148212617380065,0,,,,,,,,,0
2,110178,4312,4312,4310.27662743649,0.17855186681148,0.13245258560924,0.470694852280245,0.250481083751178,1662.72943145791,9011.98795226297,1.68735632707827,1255.47401883632,3658.08885020307,1.25947936368113,0.0968078074619276,248.522391584091,8401.40280217662,144.925443892339,114.964661322151,-0.206732384359267,0.160580910858572,218.894889123695,2773.62182578195,120.815403835505,108.78992004997,-0.099536014479648,0,,,,,,,,,0
3,110178,4326,4326,4309.33814105178,0.191604031821757,0.132577136651548,0.464460462009552,0.25156885445629,1680.53560612731,6525.12521506779,1.35866080150606,1176.90602507222,3049.48527838199,1.11979471328909,0.214143431481288,254.464867062798,3437.01796986601,124.963620134835,143.422654298237,0.147715264198375,0.189429224508,213.458735345496,1953.70825144386,110.741277583998,113.923164168512,0.0287326158224968,0,,,,,,,,,0
