{
  "actuarial_rationale": "auto",
  "description": "ft: FF=0.520 L2=12.7",
  "hypothesis": "ft",
  "id": "lightgbm_ft_0007",
  "is_baseline": false,
  "lightgbm": {
    "capped_severity_grid": [
      {
        "bagging_fraction": 0.5202180661613841,
        "feature_fraction": 0.5202180661613841,
        "lambda_l2": 10.745622293517018,
        "learning_rate": 0.036,
        "min_data_in_leaf": 200,
        "num_leaves": 7
      },
      {
        "bagging_fraction": 0.5202180661613841,
        "feature_fraction": 0.4702180661613841,
        "lambda_l2": 9.745622293517018,
        "learning_rate": 0.031,
        "min_data_in_leaf": 150,
        "num_leaves": 11
      }
    ],
    "early_stopping_rounds": 22,
    "frequency_grid": [
      {
        "bagging_fraction": 0.5202180661613841,
        "feature_fraction": 0.5202180661613841,
        "lambda_l2": 12.745622293517018,
        "learning_rate": 0.036,
        "min_data_in_leaf": 1700,
        "num_leaves": 18
      },
      {
        "bagging_fraction": 0.5202180661613841,
        "feature_fraction": 0.4702180661613841,
        "lambda_l2": 10.745622293517018,
        "learning_rate": 0.031,
        "min_data_in_leaf": 1400,
        "num_leaves": 26
      }
    ],
    "nrounds": 175,
    "severity_grid": [
      {
        "bagging_fraction": 0.5202180661613841,
        "feature_fraction": 0.5202180661613841,
        "lambda_l2": 10.745622293517018,
        "learning_rate": 0.036,
        "min_data_in_leaf": 200,
        "num_leaves": 7
      },
      {
        "bagging_fraction": 0.5202180661613841,
        "feature_fraction": 0.4702180661613841,
        "lambda_l2": 9.745622293517018,
        "learning_rate": 0.031,
        "min_data_in_leaf": 150,
        "num_leaves": 11
      }
    ]
  },
  "model_type": "lightgbm"
}
