{
  "actuarial_rationale": "Autonomous research",
  "description": "EXPLORE: FF=0.523 L2=10.2 L=21",
  "hypothesis": "EXPLORE approach",
  "id": "lightgbm_explore_0019",
  "is_baseline": false,
  "lightgbm": {
    "capped_severity_grid": [
      {
        "bagging_fraction": 0.5227621884600938,
        "feature_fraction": 0.5227621884600938,
        "lambda_l2": 8.17720573325338,
        "learning_rate": 0.036,
        "min_data_in_leaf": 200,
        "num_leaves": 7
      },
      {
        "bagging_fraction": 0.5227621884600938,
        "feature_fraction": 0.4727621884600938,
        "lambda_l2": 7.1772057332533805,
        "learning_rate": 0.031,
        "min_data_in_leaf": 150,
        "num_leaves": 11
      }
    ],
    "early_stopping_rounds": 22,
    "frequency_grid": [
      {
        "bagging_fraction": 0.5227621884600938,
        "feature_fraction": 0.5227621884600938,
        "lambda_l2": 10.17720573325338,
        "learning_rate": 0.036,
        "min_data_in_leaf": 1700,
        "num_leaves": 21
      },
      {
        "bagging_fraction": 0.5227621884600938,
        "feature_fraction": 0.4727621884600938,
        "lambda_l2": 8.17720573325338,
        "learning_rate": 0.031,
        "min_data_in_leaf": 1400,
        "num_leaves": 29
      }
    ],
    "nrounds": 175,
    "severity_grid": [
      {
        "bagging_fraction": 0.5227621884600938,
        "feature_fraction": 0.5227621884600938,
        "lambda_l2": 8.17720573325338,
        "learning_rate": 0.036,
        "min_data_in_leaf": 200,
        "num_leaves": 7
      },
      {
        "bagging_fraction": 0.5227621884600938,
        "feature_fraction": 0.4727621884600938,
        "lambda_l2": 7.1772057332533805,
        "learning_rate": 0.031,
        "min_data_in_leaf": 150,
        "num_leaves": 11
      }
    ]
  },
  "model_type": "lightgbm"
}
