{
  "actuarial_rationale": "Exploiting sweet spot",
  "description": "Fine-tune: combo. FF=0.518, L2=13.5",
  "hypothesis": "Targeted combo variation",
  "id": "lightgbm_ft_0004",
  "is_baseline": false,
  "lightgbm": {
    "capped_severity_grid": [
      {
        "bagging_fraction": 0.5179073790666852,
        "feature_fraction": 0.5179073790666852,
        "lambda_l2": 10.477165111503473,
        "learning_rate": 0.0365,
        "min_data_in_leaf": 215,
        "num_leaves": 7
      },
      {
        "bagging_fraction": 0.5179073790666852,
        "feature_fraction": 0.46790737906668517,
        "lambda_l2": 9.477165111503473,
        "learning_rate": 0.0315,
        "min_data_in_leaf": 165,
        "num_leaves": 11
      }
    ],
    "early_stopping_rounds": 22,
    "frequency_grid": [
      {
        "bagging_fraction": 0.5179073790666852,
        "feature_fraction": 0.5179073790666852,
        "lambda_l2": 13.477165111503473,
        "learning_rate": 0.0365,
        "min_data_in_leaf": 1795,
        "num_leaves": 16
      },
      {
        "bagging_fraction": 0.5179073790666852,
        "feature_fraction": 0.46790737906668517,
        "lambda_l2": 11.477165111503473,
        "learning_rate": 0.0315,
        "min_data_in_leaf": 1436,
        "num_leaves": 24
      }
    ],
    "nrounds": 178,
    "severity_grid": [
      {
        "bagging_fraction": 0.5179073790666852,
        "feature_fraction": 0.5179073790666852,
        "lambda_l2": 10.477165111503473,
        "learning_rate": 0.0365,
        "min_data_in_leaf": 215,
        "num_leaves": 7
      },
      {
        "bagging_fraction": 0.5179073790666852,
        "feature_fraction": 0.46790737906668517,
        "lambda_l2": 9.477165111503473,
        "learning_rate": 0.0315,
        "min_data_in_leaf": 165,
        "num_leaves": 11
      }
    ]
  },
  "model_type": "lightgbm"
}
