{
  "actuarial_rationale": "auto",
  "description": "ft: FF=0.508 L2=12.7",
  "hypothesis": "ft",
  "id": "lightgbm_ft_0015",
  "is_baseline": false,
  "lightgbm": {
    "capped_severity_grid": [
      {
        "bagging_fraction": 0.5080371828276454,
        "feature_fraction": 0.5080371828276454,
        "lambda_l2": 10.73818090564429,
        "learning_rate": 0.036,
        "min_data_in_leaf": 200,
        "num_leaves": 7
      },
      {
        "bagging_fraction": 0.5080371828276454,
        "feature_fraction": 0.45803718282764544,
        "lambda_l2": 9.73818090564429,
        "learning_rate": 0.031,
        "min_data_in_leaf": 150,
        "num_leaves": 11
      }
    ],
    "early_stopping_rounds": 22,
    "frequency_grid": [
      {
        "bagging_fraction": 0.5080371828276454,
        "feature_fraction": 0.5080371828276454,
        "lambda_l2": 12.73818090564429,
        "learning_rate": 0.036,
        "min_data_in_leaf": 1700,
        "num_leaves": 17
      },
      {
        "bagging_fraction": 0.5080371828276454,
        "feature_fraction": 0.45803718282764544,
        "lambda_l2": 10.73818090564429,
        "learning_rate": 0.031,
        "min_data_in_leaf": 1400,
        "num_leaves": 25
      }
    ],
    "nrounds": 175,
    "severity_grid": [
      {
        "bagging_fraction": 0.5080371828276454,
        "feature_fraction": 0.5080371828276454,
        "lambda_l2": 10.73818090564429,
        "learning_rate": 0.036,
        "min_data_in_leaf": 200,
        "num_leaves": 7
      },
      {
        "bagging_fraction": 0.5080371828276454,
        "feature_fraction": 0.45803718282764544,
        "lambda_l2": 9.73818090564429,
        "learning_rate": 0.031,
        "min_data_in_leaf": 150,
        "num_leaves": 11
      }
    ]
  },
  "model_type": "lightgbm"
}
