{
  "actuarial_rationale": "Autonomous research",
  "description": "EXPLORE: FF=0.500 L2=11.9 L=21",
  "hypothesis": "EXPLORE approach",
  "id": "lightgbm_explore_0003",
  "is_baseline": false,
  "lightgbm": {
    "capped_severity_grid": [
      {
        "bagging_fraction": 0.4997177770278133,
        "feature_fraction": 0.4997177770278133,
        "lambda_l2": 9.906306072398717,
        "learning_rate": 0.036,
        "min_data_in_leaf": 200,
        "num_leaves": 7
      },
      {
        "bagging_fraction": 0.4997177770278133,
        "feature_fraction": 0.4497177770278133,
        "lambda_l2": 8.906306072398717,
        "learning_rate": 0.031,
        "min_data_in_leaf": 150,
        "num_leaves": 11
      }
    ],
    "early_stopping_rounds": 22,
    "frequency_grid": [
      {
        "bagging_fraction": 0.4997177770278133,
        "feature_fraction": 0.4997177770278133,
        "lambda_l2": 11.906306072398717,
        "learning_rate": 0.036,
        "min_data_in_leaf": 1700,
        "num_leaves": 21
      },
      {
        "bagging_fraction": 0.4997177770278133,
        "feature_fraction": 0.4497177770278133,
        "lambda_l2": 9.906306072398717,
        "learning_rate": 0.031,
        "min_data_in_leaf": 1400,
        "num_leaves": 29
      }
    ],
    "nrounds": 175,
    "severity_grid": [
      {
        "bagging_fraction": 0.4997177770278133,
        "feature_fraction": 0.4997177770278133,
        "lambda_l2": 9.906306072398717,
        "learning_rate": 0.036,
        "min_data_in_leaf": 200,
        "num_leaves": 7
      },
      {
        "bagging_fraction": 0.4997177770278133,
        "feature_fraction": 0.4497177770278133,
        "lambda_l2": 8.906306072398717,
        "learning_rate": 0.031,
        "min_data_in_leaf": 150,
        "num_leaves": 11
      }
    ]
  },
  "model_type": "lightgbm"
}
