{
  "actuarial_rationale": "auto",
  "description": "ft: FF=0.523 L2=13.1",
  "hypothesis": "ft",
  "id": "lightgbm_ft_0016",
  "is_baseline": false,
  "lightgbm": {
    "capped_severity_grid": [
      {
        "bagging_fraction": 0.5225826898425974,
        "feature_fraction": 0.5225826898425974,
        "lambda_l2": 11.083470647614552,
        "learning_rate": 0.036,
        "min_data_in_leaf": 200,
        "num_leaves": 7
      },
      {
        "bagging_fraction": 0.5225826898425974,
        "feature_fraction": 0.4725826898425974,
        "lambda_l2": 10.083470647614552,
        "learning_rate": 0.031,
        "min_data_in_leaf": 150,
        "num_leaves": 11
      }
    ],
    "early_stopping_rounds": 22,
    "frequency_grid": [
      {
        "bagging_fraction": 0.5225826898425974,
        "feature_fraction": 0.5225826898425974,
        "lambda_l2": 13.083470647614552,
        "learning_rate": 0.036,
        "min_data_in_leaf": 1700,
        "num_leaves": 17
      },
      {
        "bagging_fraction": 0.5225826898425974,
        "feature_fraction": 0.4725826898425974,
        "lambda_l2": 11.083470647614552,
        "learning_rate": 0.031,
        "min_data_in_leaf": 1400,
        "num_leaves": 25
      }
    ],
    "nrounds": 175,
    "severity_grid": [
      {
        "bagging_fraction": 0.5225826898425974,
        "feature_fraction": 0.5225826898425974,
        "lambda_l2": 11.083470647614552,
        "learning_rate": 0.036,
        "min_data_in_leaf": 200,
        "num_leaves": 7
      },
      {
        "bagging_fraction": 0.5225826898425974,
        "feature_fraction": 0.4725826898425974,
        "lambda_l2": 10.083470647614552,
        "learning_rate": 0.031,
        "min_data_in_leaf": 150,
        "num_leaves": 11
      }
    ]
  },
  "model_type": "lightgbm"
}
