{
  "actuarial_rationale": "Exploiting sweet spot",
  "description": "Fine-tune: combo. FF=0.513, L2=13.2",
  "hypothesis": "Targeted combo variation",
  "id": "lightgbm_ft_0008",
  "is_baseline": false,
  "lightgbm": {
    "capped_severity_grid": [
      {
        "bagging_fraction": 0.5128829844174186,
        "feature_fraction": 0.5128829844174186,
        "lambda_l2": 10.179033724417417,
        "learning_rate": 0.036,
        "min_data_in_leaf": 215,
        "num_leaves": 7
      },
      {
        "bagging_fraction": 0.5128829844174186,
        "feature_fraction": 0.46288298441741865,
        "lambda_l2": 9.179033724417417,
        "learning_rate": 0.030999999999999996,
        "min_data_in_leaf": 165,
        "num_leaves": 11
      }
    ],
    "early_stopping_rounds": 22,
    "frequency_grid": [
      {
        "bagging_fraction": 0.5128829844174186,
        "feature_fraction": 0.5128829844174186,
        "lambda_l2": 13.179033724417417,
        "learning_rate": 0.036,
        "min_data_in_leaf": 1700,
        "num_leaves": 17
      },
      {
        "bagging_fraction": 0.5128829844174186,
        "feature_fraction": 0.46288298441741865,
        "lambda_l2": 11.179033724417417,
        "learning_rate": 0.030999999999999996,
        "min_data_in_leaf": 1360,
        "num_leaves": 25
      }
    ],
    "nrounds": 178,
    "severity_grid": [
      {
        "bagging_fraction": 0.5128829844174186,
        "feature_fraction": 0.5128829844174186,
        "lambda_l2": 10.179033724417417,
        "learning_rate": 0.036,
        "min_data_in_leaf": 215,
        "num_leaves": 7
      },
      {
        "bagging_fraction": 0.5128829844174186,
        "feature_fraction": 0.46288298441741865,
        "lambda_l2": 9.179033724417417,
        "learning_rate": 0.030999999999999996,
        "min_data_in_leaf": 165,
        "num_leaves": 11
      }
    ]
  },
  "model_type": "lightgbm"
}
