{
  "actuarial_rationale": "Autonomous exploration",
  "description": "FINE_TUNE: FF=0.508, L2=13.3, leaves=16",
  "hypothesis": "FINE_TUNE approach",
  "id": "lightgbm_ft_0003",
  "is_baseline": false,
  "lightgbm": {
    "capped_severity_grid": [
      {
        "bagging_fraction": 0.5082692108811862,
        "feature_fraction": 0.5082692108811862,
        "lambda_l2": 11.250776467946178,
        "learning_rate": 0.036,
        "min_data_in_leaf": 200,
        "num_leaves": 7
      },
      {
        "bagging_fraction": 0.5082692108811862,
        "feature_fraction": 0.45826921088118616,
        "lambda_l2": 10.250776467946178,
        "learning_rate": 0.031,
        "min_data_in_leaf": 150,
        "num_leaves": 11
      }
    ],
    "early_stopping_rounds": 22,
    "frequency_grid": [
      {
        "bagging_fraction": 0.5082692108811862,
        "feature_fraction": 0.5082692108811862,
        "lambda_l2": 13.250776467946178,
        "learning_rate": 0.036,
        "min_data_in_leaf": 1700,
        "num_leaves": 16
      },
      {
        "bagging_fraction": 0.5082692108811862,
        "feature_fraction": 0.45826921088118616,
        "lambda_l2": 11.250776467946178,
        "learning_rate": 0.031,
        "min_data_in_leaf": 1400,
        "num_leaves": 24
      }
    ],
    "nrounds": 175,
    "severity_grid": [
      {
        "bagging_fraction": 0.5082692108811862,
        "feature_fraction": 0.5082692108811862,
        "lambda_l2": 11.250776467946178,
        "learning_rate": 0.036,
        "min_data_in_leaf": 200,
        "num_leaves": 7
      },
      {
        "bagging_fraction": 0.5082692108811862,
        "feature_fraction": 0.45826921088118616,
        "lambda_l2": 10.250776467946178,
        "learning_rate": 0.031,
        "min_data_in_leaf": 150,
        "num_leaves": 11
      }
    ]
  },
  "model_type": "lightgbm"
}
