{
  "actuarial_rationale": "auto",
  "description": "ft: FF=0.523 L2=13.3",
  "hypothesis": "ft",
  "id": "lightgbm_ft_0013",
  "is_baseline": false,
  "lightgbm": {
    "capped_severity_grid": [
      {
        "bagging_fraction": 0.5228427081450264,
        "feature_fraction": 0.5228427081450264,
        "lambda_l2": 11.329689542023935,
        "learning_rate": 0.036,
        "min_data_in_leaf": 200,
        "num_leaves": 7
      },
      {
        "bagging_fraction": 0.5228427081450264,
        "feature_fraction": 0.47284270814502644,
        "lambda_l2": 10.329689542023935,
        "learning_rate": 0.031,
        "min_data_in_leaf": 150,
        "num_leaves": 11
      }
    ],
    "early_stopping_rounds": 22,
    "frequency_grid": [
      {
        "bagging_fraction": 0.5228427081450264,
        "feature_fraction": 0.5228427081450264,
        "lambda_l2": 13.329689542023935,
        "learning_rate": 0.036,
        "min_data_in_leaf": 1700,
        "num_leaves": 16
      },
      {
        "bagging_fraction": 0.5228427081450264,
        "feature_fraction": 0.47284270814502644,
        "lambda_l2": 11.329689542023935,
        "learning_rate": 0.031,
        "min_data_in_leaf": 1400,
        "num_leaves": 24
      }
    ],
    "nrounds": 175,
    "severity_grid": [
      {
        "bagging_fraction": 0.5228427081450264,
        "feature_fraction": 0.5228427081450264,
        "lambda_l2": 11.329689542023935,
        "learning_rate": 0.036,
        "min_data_in_leaf": 200,
        "num_leaves": 7
      },
      {
        "bagging_fraction": 0.5228427081450264,
        "feature_fraction": 0.47284270814502644,
        "lambda_l2": 10.329689542023935,
        "learning_rate": 0.031,
        "min_data_in_leaf": 150,
        "num_leaves": 11
      }
    ]
  },
  "model_type": "lightgbm"
}
