"fold","policies","claim_rows","observed_claims","predicted_claims","frequency_gini","frequency_mae","frequency_rmse","frequency_poisson_deviance","raw_severity_mae","raw_severity_rmse","raw_severity_gamma_deviance","capped_severity_mae","capped_severity_rmse","capped_severity_gamma_deviance","raw_pp_gini","raw_pp_mae","raw_pp_rmse","raw_pp_observed_loss_cost","raw_pp_predicted_loss_cost","raw_pp_calibration_gap","capped_pp_gini","capped_pp_mae","capped_pp_rmse","capped_pp_observed_loss_cost","capped_pp_predicted_loss_cost","capped_pp_calibration_gap","bad_prediction_count","parameter_count","frequency_aic","severity_aic","capped_severity_aic","frequency_bic","severity_bic","capped_severity_bic","max_abs_coefficient","policy_leakage_count"
1,110179,4303,4303,4312.82463266887,0.177437204270402,0.132344006321976,0.488290947311427,0.251180637388474,2117.44724411528,23502.2156873477,1.84676736800888,1236.67791217239,3313.55662610594,1.14211376401122,0.338097792170721,284.31598702282,10001.3240259037,161.710716456442,135.866179300676,-0.159819569921496,0.208533078493642,218.782264831437,2872.8760528627,114.537600613732,115.622506470482,0.00947204979793871,0,,,,,,,,,0
2,110178,4312,4312,4309.25683280709,0.176400801355439,0.132378762304935,0.470669105512355,0.250414619337845,1661.43380854978,9012.6727815885,1.69307945608778,1257.39672820092,3658.43012994364,1.26133046432476,0.0869750173241945,248.620127906182,8401.41449096025,144.925443892339,115.19932005841,-0.205113215702907,0.153774885891445,218.999347455227,2773.60014537266,120.815403835505,109.027560260835,-0.0975690450095284,0,,,,,,,,,0
3,110178,4326,4326,4309.02956903749,0.192128947905852,0.132510701925179,0.464418691640441,0.25136616062977,1679.82668895817,6525.27350062884,1.35904481156809,1181.97085492966,3047.82669964458,1.11591258412036,0.205043610256444,254.394975807076,3437.0273448049,124.963620134835,143.472041697931,0.148110478418648,0.196237847820875,213.973345662309,1953.6735403571,110.741277583998,114.610915841576,0.0349430523288177,0,,,,,,,,,0
