{
  "actuarial_rationale": "Autonomous research",
  "description": "EXPLORE: FF=0.489 L2=15.9 L=16",
  "hypothesis": "EXPLORE approach",
  "id": "lightgbm_explore_0001",
  "is_baseline": false,
  "lightgbm": {
    "capped_severity_grid": [
      {
        "bagging_fraction": 0.48938745824534674,
        "feature_fraction": 0.48938745824534674,
        "lambda_l2": 13.940938354478792,
        "learning_rate": 0.036,
        "min_data_in_leaf": 200,
        "num_leaves": 7
      },
      {
        "bagging_fraction": 0.48938745824534674,
        "feature_fraction": 0.43938745824534675,
        "lambda_l2": 12.940938354478792,
        "learning_rate": 0.031,
        "min_data_in_leaf": 150,
        "num_leaves": 11
      }
    ],
    "early_stopping_rounds": 22,
    "frequency_grid": [
      {
        "bagging_fraction": 0.48938745824534674,
        "feature_fraction": 0.48938745824534674,
        "lambda_l2": 15.940938354478792,
        "learning_rate": 0.036,
        "min_data_in_leaf": 1700,
        "num_leaves": 16
      },
      {
        "bagging_fraction": 0.48938745824534674,
        "feature_fraction": 0.43938745824534675,
        "lambda_l2": 13.940938354478792,
        "learning_rate": 0.031,
        "min_data_in_leaf": 1400,
        "num_leaves": 24
      }
    ],
    "nrounds": 175,
    "severity_grid": [
      {
        "bagging_fraction": 0.48938745824534674,
        "feature_fraction": 0.48938745824534674,
        "lambda_l2": 13.940938354478792,
        "learning_rate": 0.036,
        "min_data_in_leaf": 200,
        "num_leaves": 7
      },
      {
        "bagging_fraction": 0.48938745824534674,
        "feature_fraction": 0.43938745824534675,
        "lambda_l2": 12.940938354478792,
        "learning_rate": 0.031,
        "min_data_in_leaf": 150,
        "num_leaves": 11
      }
    ]
  },
  "model_type": "lightgbm"
}
