"fold","policies","claim_rows","observed_claims","predicted_claims","frequency_gini","frequency_mae","frequency_rmse","frequency_poisson_deviance","raw_severity_mae","raw_severity_rmse","raw_severity_gamma_deviance","capped_severity_mae","capped_severity_rmse","capped_severity_gamma_deviance","raw_pp_gini","raw_pp_mae","raw_pp_rmse","raw_pp_observed_loss_cost","raw_pp_predicted_loss_cost","raw_pp_calibration_gap","capped_pp_gini","capped_pp_mae","capped_pp_rmse","capped_pp_observed_loss_cost","capped_pp_predicted_loss_cost","capped_pp_calibration_gap","bad_prediction_count","parameter_count","frequency_aic","severity_aic","capped_severity_aic","frequency_bic","severity_bic","capped_severity_bic","max_abs_coefficient","policy_leakage_count"
1,110179,4303,4303,4312.18177189863,0.17614740312134,0.132391828117706,0.488327177860384,0.251351292282311,2135.67054624852,23502.9009016135,1.85515705653136,1230.46729586937,3313.84913423823,1.14274861769758,0.334451475779632,285.903835946145,10001.4140146162,161.710716456442,137.520512390037,-0.149589369192615,0.206162074566957,218.255598359553,2872.89911813281,114.537600613732,114.945305558629,0.00355957294994768,0,,,,,,,,,0
2,110178,4312,4312,4308.25427034097,0.178365895045129,0.13243423026425,0.470704548260777,0.250524314505392,1660.23561997679,9010.81518623992,1.678704820082,1242.74499904,3660.47218288585,1.26760252866674,0.0988794430226296,248.247258887781,8401.39456087976,144.925443892339,114.646212919765,-0.208929710058834,0.154780943575651,217.471064071217,2773.62619704082,120.815403835505,107.246956477795,-0.112307263204486,0,,,,,,,,,0
3,110178,4326,4326,4308.31139193028,0.191508384692678,0.13256875938756,0.464468803243838,0.251606624622422,1681.91248131999,6526.87113849009,1.36360881319091,1191.80848282833,3048.81160641727,1.1180420739864,0.206012871053409,254.517692982824,3437.03266501431,124.963620134835,143.46711504109,0.148071053689792,0.193994171396773,214.911905973949,1953.71027122016,110.741277583998,115.514616472703,0.0431035201403013,0,,,,,,,,,0
