{
  "actuarial_rationale": "Breaking plateau with new direction",
  "description": "Explore: balanced. FF=0.518, L2=13.2, leaves=16",
  "hypothesis": "Exploration: balanced",
  "id": "lightgbm_ex_0011",
  "is_baseline": false,
  "lightgbm": {
    "capped_severity_grid": [
      {
        "bagging_fraction": 0.5179275620793294,
        "feature_fraction": 0.5179275620793294,
        "lambda_l2": 11.214193147369421,
        "learning_rate": 0.036,
        "min_data_in_leaf": 205,
        "num_leaves": 7
      },
      {
        "bagging_fraction": 0.5179275620793294,
        "feature_fraction": 0.46792756207932945,
        "lambda_l2": 10.214193147369421,
        "learning_rate": 0.031,
        "min_data_in_leaf": 155,
        "num_leaves": 11
      }
    ],
    "early_stopping_rounds": 22,
    "frequency_grid": [
      {
        "bagging_fraction": 0.5179275620793294,
        "feature_fraction": 0.5179275620793294,
        "lambda_l2": 13.214193147369421,
        "learning_rate": 0.036,
        "min_data_in_leaf": 1700,
        "num_leaves": 16
      },
      {
        "bagging_fraction": 0.5179275620793294,
        "feature_fraction": 0.46792756207932945,
        "lambda_l2": 11.214193147369421,
        "learning_rate": 0.031,
        "min_data_in_leaf": 1400,
        "num_leaves": 24
      }
    ],
    "nrounds": 180,
    "severity_grid": [
      {
        "bagging_fraction": 0.5179275620793294,
        "feature_fraction": 0.5179275620793294,
        "lambda_l2": 11.214193147369421,
        "learning_rate": 0.036,
        "min_data_in_leaf": 205,
        "num_leaves": 7
      },
      {
        "bagging_fraction": 0.5179275620793294,
        "feature_fraction": 0.46792756207932945,
        "lambda_l2": 10.214193147369421,
        "learning_rate": 0.031,
        "min_data_in_leaf": 155,
        "num_leaves": 11
      }
    ]
  },
  "model_type": "lightgbm"
}
