{
  "actuarial_rationale": "auto",
  "description": "ex: FF=0.498 L2=11.3",
  "hypothesis": "ex",
  "id": "lightgbm_ex_0028",
  "is_baseline": false,
  "lightgbm": {
    "capped_severity_grid": [
      {
        "bagging_fraction": 0.4976250933210028,
        "feature_fraction": 0.4976250933210028,
        "lambda_l2": 9.343983263992817,
        "learning_rate": 0.036,
        "min_data_in_leaf": 200,
        "num_leaves": 7
      },
      {
        "bagging_fraction": 0.4976250933210028,
        "feature_fraction": 0.4476250933210028,
        "lambda_l2": 8.343983263992817,
        "learning_rate": 0.031,
        "min_data_in_leaf": 150,
        "num_leaves": 11
      }
    ],
    "early_stopping_rounds": 22,
    "frequency_grid": [
      {
        "bagging_fraction": 0.4976250933210028,
        "feature_fraction": 0.4976250933210028,
        "lambda_l2": 11.343983263992817,
        "learning_rate": 0.036,
        "min_data_in_leaf": 1700,
        "num_leaves": 16
      },
      {
        "bagging_fraction": 0.4976250933210028,
        "feature_fraction": 0.4476250933210028,
        "lambda_l2": 9.343983263992817,
        "learning_rate": 0.031,
        "min_data_in_leaf": 1400,
        "num_leaves": 24
      }
    ],
    "nrounds": 175,
    "severity_grid": [
      {
        "bagging_fraction": 0.4976250933210028,
        "feature_fraction": 0.4976250933210028,
        "lambda_l2": 9.343983263992817,
        "learning_rate": 0.036,
        "min_data_in_leaf": 200,
        "num_leaves": 7
      },
      {
        "bagging_fraction": 0.4976250933210028,
        "feature_fraction": 0.4476250933210028,
        "lambda_l2": 8.343983263992817,
        "learning_rate": 0.031,
        "min_data_in_leaf": 150,
        "num_leaves": 11
      }
    ]
  },
  "model_type": "lightgbm"
}
