{
  "actuarial_rationale": "auto",
  "description": "ex: FF=0.534 L2=14.6",
  "hypothesis": "ex",
  "id": "lightgbm_ex_0003",
  "is_baseline": false,
  "lightgbm": {
    "capped_severity_grid": [
      {
        "bagging_fraction": 0.5339202895912422,
        "feature_fraction": 0.5339202895912422,
        "lambda_l2": 12.585332069460318,
        "learning_rate": 0.036,
        "min_data_in_leaf": 200,
        "num_leaves": 7
      },
      {
        "bagging_fraction": 0.5339202895912422,
        "feature_fraction": 0.48392028959124217,
        "lambda_l2": 11.585332069460318,
        "learning_rate": 0.031,
        "min_data_in_leaf": 150,
        "num_leaves": 11
      }
    ],
    "early_stopping_rounds": 22,
    "frequency_grid": [
      {
        "bagging_fraction": 0.5339202895912422,
        "feature_fraction": 0.5339202895912422,
        "lambda_l2": 14.585332069460318,
        "learning_rate": 0.036,
        "min_data_in_leaf": 1700,
        "num_leaves": 22
      },
      {
        "bagging_fraction": 0.5339202895912422,
        "feature_fraction": 0.48392028959124217,
        "lambda_l2": 12.585332069460318,
        "learning_rate": 0.031,
        "min_data_in_leaf": 1400,
        "num_leaves": 30
      }
    ],
    "nrounds": 175,
    "severity_grid": [
      {
        "bagging_fraction": 0.5339202895912422,
        "feature_fraction": 0.5339202895912422,
        "lambda_l2": 12.585332069460318,
        "learning_rate": 0.036,
        "min_data_in_leaf": 200,
        "num_leaves": 7
      },
      {
        "bagging_fraction": 0.5339202895912422,
        "feature_fraction": 0.48392028959124217,
        "lambda_l2": 11.585332069460318,
        "learning_rate": 0.031,
        "min_data_in_leaf": 150,
        "num_leaves": 11
      }
    ]
  },
  "model_type": "lightgbm"
}
