{
  "actuarial_rationale": "Autonomous research",
  "description": "FINE_TUNE: FF=0.517 L2=13.4 L=18",
  "hypothesis": "FINE_TUNE approach",
  "id": "lightgbm_fine_tune_0002",
  "is_baseline": false,
  "lightgbm": {
    "capped_severity_grid": [
      {
        "bagging_fraction": 0.516908043711506,
        "feature_fraction": 0.516908043711506,
        "lambda_l2": 11.375842071198093,
        "learning_rate": 0.036,
        "min_data_in_leaf": 200,
        "num_leaves": 7
      },
      {
        "bagging_fraction": 0.516908043711506,
        "feature_fraction": 0.466908043711506,
        "lambda_l2": 10.375842071198093,
        "learning_rate": 0.031,
        "min_data_in_leaf": 150,
        "num_leaves": 11
      }
    ],
    "early_stopping_rounds": 22,
    "frequency_grid": [
      {
        "bagging_fraction": 0.516908043711506,
        "feature_fraction": 0.516908043711506,
        "lambda_l2": 13.375842071198093,
        "learning_rate": 0.036,
        "min_data_in_leaf": 1700,
        "num_leaves": 18
      },
      {
        "bagging_fraction": 0.516908043711506,
        "feature_fraction": 0.466908043711506,
        "lambda_l2": 11.375842071198093,
        "learning_rate": 0.031,
        "min_data_in_leaf": 1400,
        "num_leaves": 26
      }
    ],
    "nrounds": 175,
    "severity_grid": [
      {
        "bagging_fraction": 0.516908043711506,
        "feature_fraction": 0.516908043711506,
        "lambda_l2": 11.375842071198093,
        "learning_rate": 0.036,
        "min_data_in_leaf": 200,
        "num_leaves": 7
      },
      {
        "bagging_fraction": 0.516908043711506,
        "feature_fraction": 0.466908043711506,
        "lambda_l2": 10.375842071198093,
        "learning_rate": 0.031,
        "min_data_in_leaf": 150,
        "num_leaves": 11
      }
    ]
  },
  "model_type": "lightgbm"
}
