{
  "actuarial_rationale": "auto",
  "description": "ft: FF=0.512 L2=12.9",
  "hypothesis": "ft",
  "id": "lightgbm_ft_0014",
  "is_baseline": false,
  "lightgbm": {
    "capped_severity_grid": [
      {
        "bagging_fraction": 0.5119935469786833,
        "feature_fraction": 0.5119935469786833,
        "lambda_l2": 10.87111953746493,
        "learning_rate": 0.036,
        "min_data_in_leaf": 200,
        "num_leaves": 7
      },
      {
        "bagging_fraction": 0.5119935469786833,
        "feature_fraction": 0.4619935469786833,
        "lambda_l2": 9.87111953746493,
        "learning_rate": 0.031,
        "min_data_in_leaf": 150,
        "num_leaves": 11
      }
    ],
    "early_stopping_rounds": 22,
    "frequency_grid": [
      {
        "bagging_fraction": 0.5119935469786833,
        "feature_fraction": 0.5119935469786833,
        "lambda_l2": 12.87111953746493,
        "learning_rate": 0.036,
        "min_data_in_leaf": 1700,
        "num_leaves": 18
      },
      {
        "bagging_fraction": 0.5119935469786833,
        "feature_fraction": 0.4619935469786833,
        "lambda_l2": 10.87111953746493,
        "learning_rate": 0.031,
        "min_data_in_leaf": 1400,
        "num_leaves": 26
      }
    ],
    "nrounds": 175,
    "severity_grid": [
      {
        "bagging_fraction": 0.5119935469786833,
        "feature_fraction": 0.5119935469786833,
        "lambda_l2": 10.87111953746493,
        "learning_rate": 0.036,
        "min_data_in_leaf": 200,
        "num_leaves": 7
      },
      {
        "bagging_fraction": 0.5119935469786833,
        "feature_fraction": 0.4619935469786833,
        "lambda_l2": 9.87111953746493,
        "learning_rate": 0.031,
        "min_data_in_leaf": 150,
        "num_leaves": 11
      }
    ]
  },
  "model_type": "lightgbm"
}
