{
  "actuarial_rationale": "auto",
  "description": "ex: FF=0.508 L2=14.6",
  "hypothesis": "ex",
  "id": "lightgbm_ex_0002",
  "is_baseline": false,
  "lightgbm": {
    "capped_severity_grid": [
      {
        "bagging_fraction": 0.5079885397470618,
        "feature_fraction": 0.5079885397470618,
        "lambda_l2": 12.603857492408652,
        "learning_rate": 0.036,
        "min_data_in_leaf": 200,
        "num_leaves": 7
      },
      {
        "bagging_fraction": 0.5079885397470618,
        "feature_fraction": 0.45798853974706183,
        "lambda_l2": 11.603857492408652,
        "learning_rate": 0.031,
        "min_data_in_leaf": 150,
        "num_leaves": 11
      }
    ],
    "early_stopping_rounds": 22,
    "frequency_grid": [
      {
        "bagging_fraction": 0.5079885397470618,
        "feature_fraction": 0.5079885397470618,
        "lambda_l2": 14.603857492408652,
        "learning_rate": 0.036,
        "min_data_in_leaf": 1700,
        "num_leaves": 17
      },
      {
        "bagging_fraction": 0.5079885397470618,
        "feature_fraction": 0.45798853974706183,
        "lambda_l2": 12.603857492408652,
        "learning_rate": 0.031,
        "min_data_in_leaf": 1400,
        "num_leaves": 25
      }
    ],
    "nrounds": 175,
    "severity_grid": [
      {
        "bagging_fraction": 0.5079885397470618,
        "feature_fraction": 0.5079885397470618,
        "lambda_l2": 12.603857492408652,
        "learning_rate": 0.036,
        "min_data_in_leaf": 200,
        "num_leaves": 7
      },
      {
        "bagging_fraction": 0.5079885397470618,
        "feature_fraction": 0.45798853974706183,
        "lambda_l2": 11.603857492408652,
        "learning_rate": 0.031,
        "min_data_in_leaf": 150,
        "num_leaves": 11
      }
    ]
  },
  "model_type": "lightgbm"
}
