{
  "actuarial_rationale": "Autonomous research",
  "description": "FINE_TUNE: FF=0.510 L2=12.7 L=15",
  "hypothesis": "FINE_TUNE approach",
  "id": "lightgbm_fine_tune_0012",
  "is_baseline": false,
  "lightgbm": {
    "capped_severity_grid": [
      {
        "bagging_fraction": 0.510357741559993,
        "feature_fraction": 0.510357741559993,
        "lambda_l2": 10.69923550686781,
        "learning_rate": 0.036,
        "min_data_in_leaf": 200,
        "num_leaves": 7
      },
      {
        "bagging_fraction": 0.510357741559993,
        "feature_fraction": 0.46035774155999304,
        "lambda_l2": 9.69923550686781,
        "learning_rate": 0.031,
        "min_data_in_leaf": 150,
        "num_leaves": 11
      }
    ],
    "early_stopping_rounds": 22,
    "frequency_grid": [
      {
        "bagging_fraction": 0.510357741559993,
        "feature_fraction": 0.510357741559993,
        "lambda_l2": 12.69923550686781,
        "learning_rate": 0.036,
        "min_data_in_leaf": 1700,
        "num_leaves": 15
      },
      {
        "bagging_fraction": 0.510357741559993,
        "feature_fraction": 0.46035774155999304,
        "lambda_l2": 10.69923550686781,
        "learning_rate": 0.031,
        "min_data_in_leaf": 1400,
        "num_leaves": 23
      }
    ],
    "nrounds": 175,
    "severity_grid": [
      {
        "bagging_fraction": 0.510357741559993,
        "feature_fraction": 0.510357741559993,
        "lambda_l2": 10.69923550686781,
        "learning_rate": 0.036,
        "min_data_in_leaf": 200,
        "num_leaves": 7
      },
      {
        "bagging_fraction": 0.510357741559993,
        "feature_fraction": 0.46035774155999304,
        "lambda_l2": 9.69923550686781,
        "learning_rate": 0.031,
        "min_data_in_leaf": 150,
        "num_leaves": 11
      }
    ]
  },
  "model_type": "lightgbm"
}
