{
  "actuarial_rationale": "auto",
  "description": "ex: FF=0.534 L2=10.6",
  "hypothesis": "ex",
  "id": "lightgbm_ex_0024",
  "is_baseline": false,
  "lightgbm": {
    "capped_severity_grid": [
      {
        "bagging_fraction": 0.534474546333577,
        "feature_fraction": 0.534474546333577,
        "lambda_l2": 8.608583508250451,
        "learning_rate": 0.036,
        "min_data_in_leaf": 200,
        "num_leaves": 7
      },
      {
        "bagging_fraction": 0.534474546333577,
        "feature_fraction": 0.48447454633357706,
        "lambda_l2": 7.608583508250451,
        "learning_rate": 0.031,
        "min_data_in_leaf": 150,
        "num_leaves": 11
      }
    ],
    "early_stopping_rounds": 22,
    "frequency_grid": [
      {
        "bagging_fraction": 0.534474546333577,
        "feature_fraction": 0.534474546333577,
        "lambda_l2": 10.608583508250451,
        "learning_rate": 0.036,
        "min_data_in_leaf": 1700,
        "num_leaves": 19
      },
      {
        "bagging_fraction": 0.534474546333577,
        "feature_fraction": 0.48447454633357706,
        "lambda_l2": 8.608583508250451,
        "learning_rate": 0.031,
        "min_data_in_leaf": 1400,
        "num_leaves": 27
      }
    ],
    "nrounds": 175,
    "severity_grid": [
      {
        "bagging_fraction": 0.534474546333577,
        "feature_fraction": 0.534474546333577,
        "lambda_l2": 8.608583508250451,
        "learning_rate": 0.036,
        "min_data_in_leaf": 200,
        "num_leaves": 7
      },
      {
        "bagging_fraction": 0.534474546333577,
        "feature_fraction": 0.48447454633357706,
        "lambda_l2": 7.608583508250451,
        "learning_rate": 0.031,
        "min_data_in_leaf": 150,
        "num_leaves": 11
      }
    ]
  },
  "model_type": "lightgbm"
}
