{
  "actuarial_rationale": "Breaking plateau with new direction",
  "description": "Explore: balanced. FF=0.517, L2=11.4, leaves=18",
  "hypothesis": "Exploration: balanced",
  "id": "lightgbm_ex_0014",
  "is_baseline": false,
  "lightgbm": {
    "capped_severity_grid": [
      {
        "bagging_fraction": 0.5168384600105297,
        "feature_fraction": 0.5168384600105297,
        "lambda_l2": 9.436305219575567,
        "learning_rate": 0.036,
        "min_data_in_leaf": 205,
        "num_leaves": 7
      },
      {
        "bagging_fraction": 0.5168384600105297,
        "feature_fraction": 0.4668384600105297,
        "lambda_l2": 8.436305219575567,
        "learning_rate": 0.031,
        "min_data_in_leaf": 155,
        "num_leaves": 11
      }
    ],
    "early_stopping_rounds": 22,
    "frequency_grid": [
      {
        "bagging_fraction": 0.5168384600105297,
        "feature_fraction": 0.5168384600105297,
        "lambda_l2": 11.436305219575567,
        "learning_rate": 0.036,
        "min_data_in_leaf": 1700,
        "num_leaves": 18
      },
      {
        "bagging_fraction": 0.5168384600105297,
        "feature_fraction": 0.4668384600105297,
        "lambda_l2": 9.436305219575567,
        "learning_rate": 0.031,
        "min_data_in_leaf": 1400,
        "num_leaves": 26
      }
    ],
    "nrounds": 180,
    "severity_grid": [
      {
        "bagging_fraction": 0.5168384600105297,
        "feature_fraction": 0.5168384600105297,
        "lambda_l2": 9.436305219575567,
        "learning_rate": 0.036,
        "min_data_in_leaf": 205,
        "num_leaves": 7
      },
      {
        "bagging_fraction": 0.5168384600105297,
        "feature_fraction": 0.4668384600105297,
        "lambda_l2": 8.436305219575567,
        "learning_rate": 0.031,
        "min_data_in_leaf": 155,
        "num_leaves": 11
      }
    ]
  },
  "model_type": "lightgbm"
}
