{
  "actuarial_rationale": "auto",
  "description": "ex: FF=0.483 L2=11.8",
  "hypothesis": "ex",
  "id": "lightgbm_ex_0017",
  "is_baseline": false,
  "lightgbm": {
    "capped_severity_grid": [
      {
        "bagging_fraction": 0.4830378049771179,
        "feature_fraction": 0.4830378049771179,
        "lambda_l2": 9.84375968703081,
        "learning_rate": 0.036,
        "min_data_in_leaf": 200,
        "num_leaves": 7
      },
      {
        "bagging_fraction": 0.4830378049771179,
        "feature_fraction": 0.4330378049771179,
        "lambda_l2": 8.84375968703081,
        "learning_rate": 0.031,
        "min_data_in_leaf": 150,
        "num_leaves": 11
      }
    ],
    "early_stopping_rounds": 22,
    "frequency_grid": [
      {
        "bagging_fraction": 0.4830378049771179,
        "feature_fraction": 0.4830378049771179,
        "lambda_l2": 11.84375968703081,
        "learning_rate": 0.036,
        "min_data_in_leaf": 1700,
        "num_leaves": 19
      },
      {
        "bagging_fraction": 0.4830378049771179,
        "feature_fraction": 0.4330378049771179,
        "lambda_l2": 9.84375968703081,
        "learning_rate": 0.031,
        "min_data_in_leaf": 1400,
        "num_leaves": 27
      }
    ],
    "nrounds": 175,
    "severity_grid": [
      {
        "bagging_fraction": 0.4830378049771179,
        "feature_fraction": 0.4830378049771179,
        "lambda_l2": 9.84375968703081,
        "learning_rate": 0.036,
        "min_data_in_leaf": 200,
        "num_leaves": 7
      },
      {
        "bagging_fraction": 0.4830378049771179,
        "feature_fraction": 0.4330378049771179,
        "lambda_l2": 8.84375968703081,
        "learning_rate": 0.031,
        "min_data_in_leaf": 150,
        "num_leaves": 11
      }
    ]
  },
  "model_type": "lightgbm"
}
