{
  "actuarial_rationale": "Breaking plateau with new direction",
  "description": "Explore: balanced. FF=0.512, L2=13.5, leaves=17",
  "hypothesis": "Exploration: balanced",
  "id": "lightgbm_ex_0017",
  "is_baseline": false,
  "lightgbm": {
    "capped_severity_grid": [
      {
        "bagging_fraction": 0.5123211712276581,
        "feature_fraction": 0.5123211712276581,
        "lambda_l2": 11.467486156106052,
        "learning_rate": 0.036,
        "min_data_in_leaf": 205,
        "num_leaves": 7
      },
      {
        "bagging_fraction": 0.5123211712276581,
        "feature_fraction": 0.4623211712276581,
        "lambda_l2": 10.467486156106052,
        "learning_rate": 0.031,
        "min_data_in_leaf": 155,
        "num_leaves": 11
      }
    ],
    "early_stopping_rounds": 22,
    "frequency_grid": [
      {
        "bagging_fraction": 0.5123211712276581,
        "feature_fraction": 0.5123211712276581,
        "lambda_l2": 13.467486156106052,
        "learning_rate": 0.036,
        "min_data_in_leaf": 1700,
        "num_leaves": 17
      },
      {
        "bagging_fraction": 0.5123211712276581,
        "feature_fraction": 0.4623211712276581,
        "lambda_l2": 11.467486156106052,
        "learning_rate": 0.031,
        "min_data_in_leaf": 1400,
        "num_leaves": 25
      }
    ],
    "nrounds": 180,
    "severity_grid": [
      {
        "bagging_fraction": 0.5123211712276581,
        "feature_fraction": 0.5123211712276581,
        "lambda_l2": 11.467486156106052,
        "learning_rate": 0.036,
        "min_data_in_leaf": 205,
        "num_leaves": 7
      },
      {
        "bagging_fraction": 0.5123211712276581,
        "feature_fraction": 0.4623211712276581,
        "lambda_l2": 10.467486156106052,
        "learning_rate": 0.031,
        "min_data_in_leaf": 155,
        "num_leaves": 11
      }
    ]
  },
  "model_type": "lightgbm"
}
