"fold","policies","claim_rows","observed_claims","predicted_claims","frequency_gini","frequency_mae","frequency_rmse","frequency_poisson_deviance","raw_severity_mae","raw_severity_rmse","raw_severity_gamma_deviance","capped_severity_mae","capped_severity_rmse","capped_severity_gamma_deviance","raw_pp_gini","raw_pp_mae","raw_pp_rmse","raw_pp_observed_loss_cost","raw_pp_predicted_loss_cost","raw_pp_calibration_gap","capped_pp_gini","capped_pp_mae","capped_pp_rmse","capped_pp_observed_loss_cost","capped_pp_predicted_loss_cost","capped_pp_calibration_gap","bad_prediction_count","parameter_count","frequency_aic","severity_aic","capped_severity_aic","frequency_bic","severity_bic","capped_severity_bic","max_abs_coefficient","policy_leakage_count"
1,110179,4303,4303,4311.60422130997,0.176590366242301,0.132331815499868,0.488297424478844,0.251218766271961,2115.74725813403,23502.7767099475,1.85351202379695,1237.18969228654,3313.68298482131,1.14242709979709,0.334622867203906,284.176341616964,10001.3684371458,161.710716456442,135.695031665769,-0.1608779267123,0.208607713737789,218.842597582989,2872.88877676384,114.537600613732,115.673924791135,0.00992097067962032,0,,,,,,,,,0
2,110178,4312,4312,4309.78333931944,0.178295157991588,0.132385231747829,0.470664922417108,0.250362896999134,1676.46094463851,9009.94908040298,1.67080332890298,1259.58235657638,3657.47079788275,1.25776617015655,0.0983905513181362,250.042090779313,8401.38593972823,144.925443892339,116.755455475278,-0.19437572630785,0.161541640541962,219.376830545272,2773.58534832442,120.815403835505,109.413978867354,-0.0943706233327212,0,,,,,,,,,0
3,110178,4326,4326,4309.567627863,0.191339800228705,0.132525198576172,0.46442791270664,0.251400708449388,1677.7050288037,6525.48440673822,1.35949036208302,1178.57250654992,3050.11634670215,1.12149411353194,0.20513259828394,254.143029286847,3437.02704268786,124.963620134835,143.184916664625,0.145812809441102,0.191669256781829,213.556352089858,1953.69330490821,110.741277583998,114.121409423046,0.0305227816834964,0,,,,,,,,,0
