{
  "actuarial_rationale": "auto",
  "description": "ps: FF=0.491 L2=12.8",
  "hypothesis": "ps",
  "id": "lightgbm_ps_0020",
  "is_baseline": false,
  "lightgbm": {
    "capped_severity_grid": [
      {
        "bagging_fraction": 0.4910682924012371,
        "feature_fraction": 0.4910682924012371,
        "lambda_l2": 10.839329856417338,
        "learning_rate": 0.036,
        "min_data_in_leaf": 200,
        "num_leaves": 7
      },
      {
        "bagging_fraction": 0.4910682924012371,
        "feature_fraction": 0.4410682924012371,
        "lambda_l2": 9.839329856417338,
        "learning_rate": 0.031,
        "min_data_in_leaf": 150,
        "num_leaves": 11
      }
    ],
    "early_stopping_rounds": 22,
    "frequency_grid": [
      {
        "bagging_fraction": 0.4910682924012371,
        "feature_fraction": 0.4910682924012371,
        "lambda_l2": 12.839329856417338,
        "learning_rate": 0.036,
        "min_data_in_leaf": 1700,
        "num_leaves": 20
      },
      {
        "bagging_fraction": 0.4910682924012371,
        "feature_fraction": 0.4410682924012371,
        "lambda_l2": 10.839329856417338,
        "learning_rate": 0.031,
        "min_data_in_leaf": 1400,
        "num_leaves": 28
      }
    ],
    "nrounds": 175,
    "severity_grid": [
      {
        "bagging_fraction": 0.4910682924012371,
        "feature_fraction": 0.4910682924012371,
        "lambda_l2": 10.839329856417338,
        "learning_rate": 0.036,
        "min_data_in_leaf": 200,
        "num_leaves": 7
      },
      {
        "bagging_fraction": 0.4910682924012371,
        "feature_fraction": 0.4410682924012371,
        "lambda_l2": 9.839329856417338,
        "learning_rate": 0.031,
        "min_data_in_leaf": 150,
        "num_leaves": 11
      }
    ]
  },
  "model_type": "lightgbm"
}
