{
  "actuarial_rationale": "auto",
  "description": "ex: FF=0.504 L2=10.4",
  "hypothesis": "ex",
  "id": "lightgbm_ex_0033",
  "is_baseline": false,
  "lightgbm": {
    "capped_severity_grid": [
      {
        "bagging_fraction": 0.5041516158229649,
        "feature_fraction": 0.5041516158229649,
        "lambda_l2": 8.435155718327977,
        "learning_rate": 0.036,
        "min_data_in_leaf": 200,
        "num_leaves": 7
      },
      {
        "bagging_fraction": 0.5041516158229649,
        "feature_fraction": 0.45415161582296487,
        "lambda_l2": 7.435155718327977,
        "learning_rate": 0.031,
        "min_data_in_leaf": 150,
        "num_leaves": 11
      }
    ],
    "early_stopping_rounds": 22,
    "frequency_grid": [
      {
        "bagging_fraction": 0.5041516158229649,
        "feature_fraction": 0.5041516158229649,
        "lambda_l2": 10.435155718327977,
        "learning_rate": 0.036,
        "min_data_in_leaf": 1700,
        "num_leaves": 21
      },
      {
        "bagging_fraction": 0.5041516158229649,
        "feature_fraction": 0.45415161582296487,
        "lambda_l2": 8.435155718327977,
        "learning_rate": 0.031,
        "min_data_in_leaf": 1400,
        "num_leaves": 29
      }
    ],
    "nrounds": 175,
    "severity_grid": [
      {
        "bagging_fraction": 0.5041516158229649,
        "feature_fraction": 0.5041516158229649,
        "lambda_l2": 8.435155718327977,
        "learning_rate": 0.036,
        "min_data_in_leaf": 200,
        "num_leaves": 7
      },
      {
        "bagging_fraction": 0.5041516158229649,
        "feature_fraction": 0.45415161582296487,
        "lambda_l2": 7.435155718327977,
        "learning_rate": 0.031,
        "min_data_in_leaf": 150,
        "num_leaves": 11
      }
    ]
  },
  "model_type": "lightgbm"
}
