"fold","policies","claim_rows","observed_claims","predicted_claims","frequency_gini","frequency_mae","frequency_rmse","frequency_poisson_deviance","raw_severity_mae","raw_severity_rmse","raw_severity_gamma_deviance","capped_severity_mae","capped_severity_rmse","capped_severity_gamma_deviance","raw_pp_gini","raw_pp_mae","raw_pp_rmse","raw_pp_observed_loss_cost","raw_pp_predicted_loss_cost","raw_pp_calibration_gap","capped_pp_gini","capped_pp_mae","capped_pp_rmse","capped_pp_observed_loss_cost","capped_pp_predicted_loss_cost","capped_pp_calibration_gap","bad_prediction_count","parameter_count","frequency_aic","severity_aic","capped_severity_aic","frequency_bic","severity_bic","capped_severity_bic","max_abs_coefficient","policy_leakage_count"
1,110179,4303,4303,4312.08859696179,0.17679477904228,0.132335752679127,0.488296157480206,0.251211913468677,2117.49203196959,23502.442809884,1.84950569296582,1231.36334762855,3313.70973826604,1.14239027515353,0.336184056545558,284.278554888883,10001.3387174451,161.710716456442,135.821398921359,-0.160096486506239,0.207133988545088,218.220474684147,2872.8760550993,114.537600613732,114.99300844925,0.00397605531351602,0,,,,,,,,,0
2,110178,4312,4312,4309.48283240038,0.178574273043262,0.132373967550333,0.470661204633152,0.250353239524773,1664.34345780301,9012.07036585372,1.68935748861478,1257.39897376818,3657.71728884564,1.25912129407094,0.095605827447055,248.75439067795,8401.400076362,144.925443892339,115.364179334177,-0.203975670277208,0.16037324037742,218.997410342161,2773.57970675065,120.815403835505,109.044223452139,-0.0974311222714022,0,,,,,,,,,0
3,110178,4326,4326,4310.67108853088,0.191165059981368,0.132529621796516,0.464416346486234,0.251367379611301,1676.54394691031,6525.34203753234,1.35879702895934,1200.77240020786,3048.00823833661,1.11658486169004,0.202640181531555,254.190451496791,3437.02622576199,124.963620134835,143.261191087822,0.146423182468982,0.198672879881738,215.900019570882,1953.69075974041,110.741277583998,116.68152711927,0.0536407892781072,0,,,,,,,,,0
