{
  "actuarial_rationale": "Breaking plateau with new direction",
  "description": "Explore: different_l2. FF=0.502, L2=9.7, leaves=16",
  "hypothesis": "Exploration: different_l2",
  "id": "lightgbm_ex_0013",
  "is_baseline": false,
  "lightgbm": {
    "capped_severity_grid": [
      {
        "bagging_fraction": 0.5020167700039093,
        "feature_fraction": 0.5020167700039093,
        "lambda_l2": 7.730671205268408,
        "learning_rate": 0.036,
        "min_data_in_leaf": 205,
        "num_leaves": 7
      },
      {
        "bagging_fraction": 0.5020167700039093,
        "feature_fraction": 0.45201677000390933,
        "lambda_l2": 6.730671205268408,
        "learning_rate": 0.031,
        "min_data_in_leaf": 155,
        "num_leaves": 11
      }
    ],
    "early_stopping_rounds": 22,
    "frequency_grid": [
      {
        "bagging_fraction": 0.5020167700039093,
        "feature_fraction": 0.5020167700039093,
        "lambda_l2": 9.730671205268408,
        "learning_rate": 0.036,
        "min_data_in_leaf": 1700,
        "num_leaves": 16
      },
      {
        "bagging_fraction": 0.5020167700039093,
        "feature_fraction": 0.45201677000390933,
        "lambda_l2": 7.730671205268408,
        "learning_rate": 0.031,
        "min_data_in_leaf": 1400,
        "num_leaves": 24
      }
    ],
    "nrounds": 180,
    "severity_grid": [
      {
        "bagging_fraction": 0.5020167700039093,
        "feature_fraction": 0.5020167700039093,
        "lambda_l2": 7.730671205268408,
        "learning_rate": 0.036,
        "min_data_in_leaf": 205,
        "num_leaves": 7
      },
      {
        "bagging_fraction": 0.5020167700039093,
        "feature_fraction": 0.45201677000390933,
        "lambda_l2": 6.730671205268408,
        "learning_rate": 0.031,
        "min_data_in_leaf": 155,
        "num_leaves": 11
      }
    ]
  },
  "model_type": "lightgbm"
}
