"fold","policies","claim_rows","observed_claims","predicted_claims","frequency_gini","frequency_mae","frequency_rmse","frequency_poisson_deviance","raw_severity_mae","raw_severity_rmse","raw_severity_gamma_deviance","capped_severity_mae","capped_severity_rmse","capped_severity_gamma_deviance","raw_pp_gini","raw_pp_mae","raw_pp_rmse","raw_pp_observed_loss_cost","raw_pp_predicted_loss_cost","raw_pp_calibration_gap","capped_pp_gini","capped_pp_mae","capped_pp_rmse","capped_pp_observed_loss_cost","capped_pp_predicted_loss_cost","capped_pp_calibration_gap","bad_prediction_count","parameter_count","frequency_aic","severity_aic","capped_severity_aic","frequency_bic","severity_bic","capped_severity_bic","max_abs_coefficient","policy_leakage_count"
1,110179,4303,4303,4312.2364163765,0.177282954398424,0.132340080762885,0.48828939604718,0.251177880753616,2116.80833396118,23502.2729298004,1.84752103470468,1236.98828693378,3313.85437079482,1.14280008553079,0.335893923315303,284.26784597116,10001.3122382724,161.710716456442,135.797994551978,-0.160241216366406,0.207130813639926,218.815535135148,2872.87956737114,114.537600613732,115.64779198666,0.0096928115045088,0,,,,,,,,,0
2,110178,4312,4312,4308.56630996794,0.17818736768111,0.132366724944712,0.470662093543825,0.250365589506278,1661.84114547152,9012.54642605087,1.69249038490899,1256.99024348358,3658.29495715764,1.2608245342513,0.0913250889313473,248.586601915145,8401.40637094518,144.925443892339,115.178588101282,-0.205256268272364,0.157814468684024,218.978065396782,2773.58738490701,120.815403835505,109.008658105701,-0.0977254998533105,0,,,,,,,,,0
3,110178,4326,4326,4308.80288504845,0.191063498982015,0.132512216193741,0.464422435890471,0.25139671283379,1680.063713958,6525.30555339981,1.35898990224501,1192.89888244895,3049.66118987805,1.12012940389937,0.20612978583879,254.44927106759,3437.02592627965,124.963620134835,143.527681665238,0.14855572774199,0.192741653041459,214.908510300038,1953.6964145621,110.741277583998,115.601082572748,0.0438843139141451,0,,,,,,,,,0
