"fold","policies","claim_rows","observed_claims","predicted_claims","frequency_gini","frequency_mae","frequency_rmse","frequency_poisson_deviance","raw_severity_mae","raw_severity_rmse","raw_severity_gamma_deviance","capped_severity_mae","capped_severity_rmse","capped_severity_gamma_deviance","raw_pp_gini","raw_pp_mae","raw_pp_rmse","raw_pp_observed_loss_cost","raw_pp_predicted_loss_cost","raw_pp_calibration_gap","capped_pp_gini","capped_pp_mae","capped_pp_rmse","capped_pp_observed_loss_cost","capped_pp_predicted_loss_cost","capped_pp_calibration_gap","bad_prediction_count","parameter_count","frequency_aic","severity_aic","capped_severity_aic","frequency_bic","severity_bic","capped_severity_bic","max_abs_coefficient","policy_leakage_count"
1,110179,4303,4303,4310.75268669081,0.177198224220684,0.132315217722376,0.488291376325892,0.25118881566954,2117.41158796926,23502.4400029131,1.84947190970223,1231.3011760554,3313.72277546028,1.14242177486021,0.336013390550187,284.231530421118,10001.3355465894,161.710716456442,135.770494213695,-0.160411275215235,0.20684384575009,218.183622788021,2872.87927405163,114.537600613732,114.952568105055,0.00362298048064428,0,,,,,,,,,0
2,110178,4312,4312,4308.74253607928,0.178212132002988,0.132362938907095,0.470661199199478,0.250360186748895,1685.28223632251,9016.95472296603,1.71118939311546,1257.28761729017,3657.9318888881,1.25964481561576,0.0801011762276893,250.325366245816,8401.43428709058,144.925443892339,117.103319050867,-0.19197543298291,0.157552316034076,218.950099389263,2773.58792351961,120.815403835505,108.990167434326,-0.0978785488088915,0,,,,,,,,,0
3,110178,4326,4326,4309.62002507345,0.191979493368159,0.132511214157443,0.464409771530293,0.251328235755282,1677.90802343587,6524.9975150754,1.35803926996931,1200.77073541266,3048.0740044566,1.11672315009673,0.204217758362879,254.244994921594,3437.01990693708,124.963620134835,143.31994507832,0.146893351230373,0.199042395236938,215.869737770955,1953.68426314935,110.741277583998,116.650060065139,0.0533566399995585,0,,,,,,,,,0
