"model_id","prediction","sampled_policies","median_cv","p95_cv","max_cv"
"v2_lgb_higher_leaf_floor","capped_pp",1000,0.0491271884777999,0.112272249122913,0.192024832531792
"v2_lgb_higher_leaf_floor","raw_pp",1000,0.0597166731174567,0.128378060362311,0.220028119105237
