{
  "actuarial_rationale": "auto",
  "description": "ft: FF=0.518 L2=13.0",
  "hypothesis": "ft",
  "id": "lightgbm_ft_0022",
  "is_baseline": false,
  "lightgbm": {
    "capped_severity_grid": [
      {
        "bagging_fraction": 0.5184666813111252,
        "feature_fraction": 0.5184666813111252,
        "lambda_l2": 10.988644183138822,
        "learning_rate": 0.036,
        "min_data_in_leaf": 200,
        "num_leaves": 7
      },
      {
        "bagging_fraction": 0.5184666813111252,
        "feature_fraction": 0.4684666813111252,
        "lambda_l2": 9.988644183138822,
        "learning_rate": 0.031,
        "min_data_in_leaf": 150,
        "num_leaves": 11
      }
    ],
    "early_stopping_rounds": 22,
    "frequency_grid": [
      {
        "bagging_fraction": 0.5184666813111252,
        "feature_fraction": 0.5184666813111252,
        "lambda_l2": 12.988644183138822,
        "learning_rate": 0.036,
        "min_data_in_leaf": 1700,
        "num_leaves": 18
      },
      {
        "bagging_fraction": 0.5184666813111252,
        "feature_fraction": 0.4684666813111252,
        "lambda_l2": 10.988644183138822,
        "learning_rate": 0.031,
        "min_data_in_leaf": 1400,
        "num_leaves": 26
      }
    ],
    "nrounds": 175,
    "severity_grid": [
      {
        "bagging_fraction": 0.5184666813111252,
        "feature_fraction": 0.5184666813111252,
        "lambda_l2": 10.988644183138822,
        "learning_rate": 0.036,
        "min_data_in_leaf": 200,
        "num_leaves": 7
      },
      {
        "bagging_fraction": 0.5184666813111252,
        "feature_fraction": 0.4684666813111252,
        "lambda_l2": 9.988644183138822,
        "learning_rate": 0.031,
        "min_data_in_leaf": 150,
        "num_leaves": 11
      }
    ]
  },
  "model_type": "lightgbm"
}
