{
  "actuarial_rationale": "Autonomous research",
  "description": "FINE_TUNE: FF=0.509 L2=12.9 L=17",
  "hypothesis": "FINE_TUNE approach",
  "id": "lightgbm_fine_tune_0002",
  "is_baseline": false,
  "lightgbm": {
    "capped_severity_grid": [
      {
        "bagging_fraction": 0.5093203350951833,
        "feature_fraction": 0.5093203350951833,
        "lambda_l2": 10.94798551657889,
        "learning_rate": 0.036,
        "min_data_in_leaf": 200,
        "num_leaves": 7
      },
      {
        "bagging_fraction": 0.5093203350951833,
        "feature_fraction": 0.4593203350951833,
        "lambda_l2": 9.94798551657889,
        "learning_rate": 0.031,
        "min_data_in_leaf": 150,
        "num_leaves": 11
      }
    ],
    "early_stopping_rounds": 22,
    "frequency_grid": [
      {
        "bagging_fraction": 0.5093203350951833,
        "feature_fraction": 0.5093203350951833,
        "lambda_l2": 12.94798551657889,
        "learning_rate": 0.036,
        "min_data_in_leaf": 1700,
        "num_leaves": 17
      },
      {
        "bagging_fraction": 0.5093203350951833,
        "feature_fraction": 0.4593203350951833,
        "lambda_l2": 10.94798551657889,
        "learning_rate": 0.031,
        "min_data_in_leaf": 1400,
        "num_leaves": 25
      }
    ],
    "nrounds": 175,
    "severity_grid": [
      {
        "bagging_fraction": 0.5093203350951833,
        "feature_fraction": 0.5093203350951833,
        "lambda_l2": 10.94798551657889,
        "learning_rate": 0.036,
        "min_data_in_leaf": 200,
        "num_leaves": 7
      },
      {
        "bagging_fraction": 0.5093203350951833,
        "feature_fraction": 0.4593203350951833,
        "lambda_l2": 9.94798551657889,
        "learning_rate": 0.031,
        "min_data_in_leaf": 150,
        "num_leaves": 11
      }
    ]
  },
  "model_type": "lightgbm"
}
