{
  "actuarial_rationale": "auto",
  "description": "ex: FF=0.512 L2=11.5",
  "hypothesis": "ex",
  "id": "lightgbm_ex_0027",
  "is_baseline": false,
  "lightgbm": {
    "capped_severity_grid": [
      {
        "bagging_fraction": 0.512305872497537,
        "feature_fraction": 0.512305872497537,
        "lambda_l2": 9.487799834462066,
        "learning_rate": 0.036,
        "min_data_in_leaf": 200,
        "num_leaves": 7
      },
      {
        "bagging_fraction": 0.512305872497537,
        "feature_fraction": 0.462305872497537,
        "lambda_l2": 8.487799834462066,
        "learning_rate": 0.031,
        "min_data_in_leaf": 150,
        "num_leaves": 11
      }
    ],
    "early_stopping_rounds": 22,
    "frequency_grid": [
      {
        "bagging_fraction": 0.512305872497537,
        "feature_fraction": 0.512305872497537,
        "lambda_l2": 11.487799834462066,
        "learning_rate": 0.036,
        "min_data_in_leaf": 1700,
        "num_leaves": 20
      },
      {
        "bagging_fraction": 0.512305872497537,
        "feature_fraction": 0.462305872497537,
        "lambda_l2": 9.487799834462066,
        "learning_rate": 0.031,
        "min_data_in_leaf": 1400,
        "num_leaves": 28
      }
    ],
    "nrounds": 175,
    "severity_grid": [
      {
        "bagging_fraction": 0.512305872497537,
        "feature_fraction": 0.512305872497537,
        "lambda_l2": 9.487799834462066,
        "learning_rate": 0.036,
        "min_data_in_leaf": 200,
        "num_leaves": 7
      },
      {
        "bagging_fraction": 0.512305872497537,
        "feature_fraction": 0.462305872497537,
        "lambda_l2": 8.487799834462066,
        "learning_rate": 0.031,
        "min_data_in_leaf": 150,
        "num_leaves": 11
      }
    ]
  },
  "model_type": "lightgbm"
}
