"fold","policies","claim_rows","observed_claims","predicted_claims","frequency_gini","frequency_mae","frequency_rmse","frequency_poisson_deviance","raw_severity_mae","raw_severity_rmse","raw_severity_gamma_deviance","capped_severity_mae","capped_severity_rmse","capped_severity_gamma_deviance","raw_pp_gini","raw_pp_mae","raw_pp_rmse","raw_pp_observed_loss_cost","raw_pp_predicted_loss_cost","raw_pp_calibration_gap","capped_pp_gini","capped_pp_mae","capped_pp_rmse","capped_pp_observed_loss_cost","capped_pp_predicted_loss_cost","capped_pp_calibration_gap","bad_prediction_count","parameter_count","frequency_aic","severity_aic","capped_severity_aic","frequency_bic","severity_bic","capped_severity_bic","max_abs_coefficient","policy_leakage_count"
1,110179,4303,4303,4312.34154531762,0.176449509527258,0.132341423191749,0.488301627729341,0.251235105647441,2117.38155707109,23502.1116605478,1.84554099133285,1226.79045748008,3313.13643080788,1.14107337095989,0.337035815282872,284.331102530076,10001.3474477614,161.710716456442,135.867263138414,-0.159812867596741,0.208013813881671,217.819077078103,2872.87238756831,114.537600613732,114.560124830537,0.000196653471735453,0,,,,,,,,,0
2,110178,4312,4312,4310.99332021343,0.178591862111147,0.132397013247472,0.470665958495221,0.250356566565458,1688.77516556832,9009.17497712285,1.6652734745016,1268.32846297547,3656.89736070226,1.25586675662812,0.0984610507186106,251.25601955985,8401.38174407861,144.925443892339,118.107564249182,-0.185046041073915,0.163672036513445,220.131035692188,2773.58014406728,120.815403835505,110.259710779442,-0.087370423977021,0,,,,,,,,,0
3,110178,4326,4326,4312.5119129034,0.192186829639742,0.132560781924516,0.464421895501425,0.251362124643087,1679.97979312724,6525.36224328278,1.35915553966617,1204.64913764382,3047.69570938614,1.11587229367998,0.207325806214258,254.381609561765,3437.01569208307,124.963620134835,143.467742483058,0.148076074686836,0.201397012823398,216.432989999444,1953.696844074,110.741277583998,117.248219386213,0.0587580525001552,0,,,,,,,,,0
