"fold","policies","claim_rows","observed_claims","predicted_claims","frequency_gini","frequency_mae","frequency_rmse","frequency_poisson_deviance","raw_severity_mae","raw_severity_rmse","raw_severity_gamma_deviance","capped_severity_mae","capped_severity_rmse","capped_severity_gamma_deviance","raw_pp_gini","raw_pp_mae","raw_pp_rmse","raw_pp_observed_loss_cost","raw_pp_predicted_loss_cost","raw_pp_calibration_gap","capped_pp_gini","capped_pp_mae","capped_pp_rmse","capped_pp_observed_loss_cost","capped_pp_predicted_loss_cost","capped_pp_calibration_gap","bad_prediction_count","parameter_count","frequency_aic","severity_aic","capped_severity_aic","frequency_bic","severity_bic","capped_severity_bic","max_abs_coefficient","policy_leakage_count"
1,110179,4303,4303,4312.50080706306,0.175662505697185,0.132339591895031,0.488295665826228,0.251233279325995,2117.79039625005,23502.6383027705,1.85181532636227,1237.96402741893,3313.49740572089,1.14201113902517,0.339776685382587,284.318752467351,10001.349097191,161.710716456442,135.864709942501,-0.159828656259171,0.207513010199954,218.832337221685,2872.87693015328,114.537600613732,115.677069567423,0.00994842695835551,0,,,,,,,,,0
2,110178,4312,4312,4310.35055274351,0.17800802825772,0.132389274723633,0.470664119588575,0.250368715173061,1659.23270418641,9013.24770513172,1.69630381965141,1255.93242545105,3658.48913698867,1.26155053019213,0.0883362442377857,248.325539037543,8401.40849048967,144.925443892339,114.870132618462,-0.207384641831456,0.156717744256745,218.904990074133,2773.59145320818,120.815403835505,108.931472356372,-0.0983643732657977,0,,,,,,,,,0
3,110178,4326,4326,4311.26129012528,0.192153762362833,0.132538150175377,0.464414795259324,0.251344218849047,1675.90064951162,6525.73709157982,1.36014686723386,1202.56739241373,3048.8842823308,1.11851619061166,0.203245120818751,254.092753324762,3437.01954938154,124.963620134835,143.152691103662,0.145554929900408,0.201121318255738,216.064291793975,1953.68809131345,110.741277583998,116.863573609296,0.0552846793794152,0,,,,,,,,,0
