{
  "actuarial_rationale": "Breaking plateau with new direction",
  "description": "Explore: different_lr. FF=0.511, L2=12.5, leaves=15",
  "hypothesis": "Exploration: different_lr",
  "id": "lightgbm_ex_0012",
  "is_baseline": false,
  "lightgbm": {
    "capped_severity_grid": [
      {
        "bagging_fraction": 0.5113347477639143,
        "feature_fraction": 0.5113347477639143,
        "lambda_l2": 10.455256131132073,
        "learning_rate": 0.036,
        "min_data_in_leaf": 205,
        "num_leaves": 7
      },
      {
        "bagging_fraction": 0.5113347477639143,
        "feature_fraction": 0.4613347477639143,
        "lambda_l2": 9.455256131132073,
        "learning_rate": 0.031,
        "min_data_in_leaf": 155,
        "num_leaves": 11
      }
    ],
    "early_stopping_rounds": 22,
    "frequency_grid": [
      {
        "bagging_fraction": 0.5113347477639143,
        "feature_fraction": 0.5113347477639143,
        "lambda_l2": 12.455256131132073,
        "learning_rate": 0.036,
        "min_data_in_leaf": 1700,
        "num_leaves": 15
      },
      {
        "bagging_fraction": 0.5113347477639143,
        "feature_fraction": 0.4613347477639143,
        "lambda_l2": 10.455256131132073,
        "learning_rate": 0.031,
        "min_data_in_leaf": 1400,
        "num_leaves": 23
      }
    ],
    "nrounds": 180,
    "severity_grid": [
      {
        "bagging_fraction": 0.5113347477639143,
        "feature_fraction": 0.5113347477639143,
        "lambda_l2": 10.455256131132073,
        "learning_rate": 0.036,
        "min_data_in_leaf": 205,
        "num_leaves": 7
      },
      {
        "bagging_fraction": 0.5113347477639143,
        "feature_fraction": 0.4613347477639143,
        "lambda_l2": 9.455256131132073,
        "learning_rate": 0.031,
        "min_data_in_leaf": 155,
        "num_leaves": 11
      }
    ]
  },
  "model_type": "lightgbm"
}
