{
  "actuarial_rationale": "Breaking plateau with new direction",
  "description": "Explore: very_low_ff. FF=0.469, L2=13.6, leaves=16",
  "hypothesis": "Exploration: very_low_ff",
  "id": "lightgbm_ex_0016",
  "is_baseline": false,
  "lightgbm": {
    "capped_severity_grid": [
      {
        "bagging_fraction": 0.4693763040737877,
        "feature_fraction": 0.4693763040737877,
        "lambda_l2": 11.562493787088208,
        "learning_rate": 0.036,
        "min_data_in_leaf": 205,
        "num_leaves": 7
      },
      {
        "bagging_fraction": 0.4693763040737877,
        "feature_fraction": 0.41937630407378773,
        "lambda_l2": 10.562493787088208,
        "learning_rate": 0.031,
        "min_data_in_leaf": 155,
        "num_leaves": 11
      }
    ],
    "early_stopping_rounds": 22,
    "frequency_grid": [
      {
        "bagging_fraction": 0.4693763040737877,
        "feature_fraction": 0.4693763040737877,
        "lambda_l2": 13.562493787088208,
        "learning_rate": 0.036,
        "min_data_in_leaf": 1700,
        "num_leaves": 16
      },
      {
        "bagging_fraction": 0.4693763040737877,
        "feature_fraction": 0.41937630407378773,
        "lambda_l2": 11.562493787088208,
        "learning_rate": 0.031,
        "min_data_in_leaf": 1400,
        "num_leaves": 24
      }
    ],
    "nrounds": 180,
    "severity_grid": [
      {
        "bagging_fraction": 0.4693763040737877,
        "feature_fraction": 0.4693763040737877,
        "lambda_l2": 11.562493787088208,
        "learning_rate": 0.036,
        "min_data_in_leaf": 205,
        "num_leaves": 7
      },
      {
        "bagging_fraction": 0.4693763040737877,
        "feature_fraction": 0.41937630407378773,
        "lambda_l2": 10.562493787088208,
        "learning_rate": 0.031,
        "min_data_in_leaf": 155,
        "num_leaves": 11
      }
    ]
  },
  "model_type": "lightgbm"
}
