{
  "actuarial_rationale": "Autonomous exploration",
  "description": "FINE_TUNE: FF=0.518, L2=13.4, leaves=15",
  "hypothesis": "FINE_TUNE approach",
  "id": "lightgbm_ft_0004",
  "is_baseline": false,
  "lightgbm": {
    "capped_severity_grid": [
      {
        "bagging_fraction": 0.5184060634779677,
        "feature_fraction": 0.5184060634779677,
        "lambda_l2": 11.35160768906937,
        "learning_rate": 0.036,
        "min_data_in_leaf": 200,
        "num_leaves": 7
      },
      {
        "bagging_fraction": 0.5184060634779677,
        "feature_fraction": 0.4684060634779677,
        "lambda_l2": 10.35160768906937,
        "learning_rate": 0.031,
        "min_data_in_leaf": 150,
        "num_leaves": 11
      }
    ],
    "early_stopping_rounds": 22,
    "frequency_grid": [
      {
        "bagging_fraction": 0.5184060634779677,
        "feature_fraction": 0.5184060634779677,
        "lambda_l2": 13.35160768906937,
        "learning_rate": 0.036,
        "min_data_in_leaf": 1700,
        "num_leaves": 15
      },
      {
        "bagging_fraction": 0.5184060634779677,
        "feature_fraction": 0.4684060634779677,
        "lambda_l2": 11.35160768906937,
        "learning_rate": 0.031,
        "min_data_in_leaf": 1400,
        "num_leaves": 23
      }
    ],
    "nrounds": 175,
    "severity_grid": [
      {
        "bagging_fraction": 0.5184060634779677,
        "feature_fraction": 0.5184060634779677,
        "lambda_l2": 11.35160768906937,
        "learning_rate": 0.036,
        "min_data_in_leaf": 200,
        "num_leaves": 7
      },
      {
        "bagging_fraction": 0.5184060634779677,
        "feature_fraction": 0.4684060634779677,
        "lambda_l2": 10.35160768906937,
        "learning_rate": 0.031,
        "min_data_in_leaf": 150,
        "num_leaves": 11
      }
    ]
  },
  "model_type": "lightgbm"
}
