{
  "actuarial_rationale": "Autonomous research",
  "description": "FINE_TUNE: FF=0.519 L2=13.2 L=14",
  "hypothesis": "FINE_TUNE approach",
  "id": "lightgbm_fine_tune_0006",
  "is_baseline": false,
  "lightgbm": {
    "capped_severity_grid": [
      {
        "bagging_fraction": 0.5186112595681338,
        "feature_fraction": 0.5186112595681338,
        "lambda_l2": 11.243535848170936,
        "learning_rate": 0.036,
        "min_data_in_leaf": 200,
        "num_leaves": 7
      },
      {
        "bagging_fraction": 0.5186112595681338,
        "feature_fraction": 0.4686112595681338,
        "lambda_l2": 10.243535848170936,
        "learning_rate": 0.031,
        "min_data_in_leaf": 150,
        "num_leaves": 11
      }
    ],
    "early_stopping_rounds": 22,
    "frequency_grid": [
      {
        "bagging_fraction": 0.5186112595681338,
        "feature_fraction": 0.5186112595681338,
        "lambda_l2": 13.243535848170936,
        "learning_rate": 0.036,
        "min_data_in_leaf": 1700,
        "num_leaves": 14
      },
      {
        "bagging_fraction": 0.5186112595681338,
        "feature_fraction": 0.4686112595681338,
        "lambda_l2": 11.243535848170936,
        "learning_rate": 0.031,
        "min_data_in_leaf": 1400,
        "num_leaves": 22
      }
    ],
    "nrounds": 175,
    "severity_grid": [
      {
        "bagging_fraction": 0.5186112595681338,
        "feature_fraction": 0.5186112595681338,
        "lambda_l2": 11.243535848170936,
        "learning_rate": 0.036,
        "min_data_in_leaf": 200,
        "num_leaves": 7
      },
      {
        "bagging_fraction": 0.5186112595681338,
        "feature_fraction": 0.4686112595681338,
        "lambda_l2": 10.243535848170936,
        "learning_rate": 0.031,
        "min_data_in_leaf": 150,
        "num_leaves": 11
      }
    ]
  },
  "model_type": "lightgbm"
}
