"fold","policies","claim_rows","observed_claims","predicted_claims","frequency_gini","frequency_mae","frequency_rmse","frequency_poisson_deviance","raw_severity_mae","raw_severity_rmse","raw_severity_gamma_deviance","capped_severity_mae","capped_severity_rmse","capped_severity_gamma_deviance","raw_pp_gini","raw_pp_mae","raw_pp_rmse","raw_pp_observed_loss_cost","raw_pp_predicted_loss_cost","raw_pp_calibration_gap","capped_pp_gini","capped_pp_mae","capped_pp_rmse","capped_pp_observed_loss_cost","capped_pp_predicted_loss_cost","capped_pp_calibration_gap","bad_prediction_count","parameter_count","frequency_aic","severity_aic","capped_severity_aic","frequency_bic","severity_bic","capped_severity_bic","max_abs_coefficient","policy_leakage_count"
1,110179,4303,4303,4309.71613337953,0.177287175816772,0.132310987974318,0.48829850435873,0.251208754975314,2083.21698594649,23502.4254396555,1.84941537195914,1244.77618709249,3314.00455513724,1.14318949917728,0.335295635458487,281.262697064404,10001.3423637469,161.710716456442,132.482800483617,-0.180741985523867,0.207583468161606,219.456249247528,2872.88424089932,114.537600613732,116.338244126968,0.0157209816129128,0,,,,,,,,,0
2,110178,4312,4312,4306.18265596208,0.177667157265782,0.132339983432159,0.470668796242684,0.250387503168711,1679.87614295979,9009.67323888438,1.66871903823526,1269.00700433563,3656.81967082129,1.2556933320147,0.0925136045408153,250.343278029067,8401.39236317278,144.925443892339,117.087037017458,-0.192087780635408,0.158612180692069,220.055434416169,2773.58916431086,120.815403835505,110.147747085878,-0.0882971575723196,0,,,,,,,,,0
3,110178,4326,4326,4303.9077223046,0.191016548172709,0.132447869923916,0.464430575906547,0.251419724396696,1682.62014107868,6525.81287248083,1.36066283349708,1181.52599918386,3049.46498987577,1.12051975070368,0.208942446446398,254.46573266374,3437.02629169689,124.963620134835,143.523519432514,0.148522420186402,0.188560996919781,213.688022353211,1953.68973075167,110.741277583998,114.252046435093,0.0317024412909782,0,,,,,,,,,0
