"model_id","prediction","sampled_policies","median_cv","p95_cv","max_cv"
"lightgbm_regularized_challenger","capped_pp",1000,0.0479863278519206,0.0915739678961787,0.136999452402454
"lightgbm_regularized_challenger","raw_pp",1000,0.0634530755493656,0.125279314171193,0.275182814527842
"lightgbm_best_191","capped_pp",1000,0.0497051503906357,0.0888709500415017,0.145378733332637
"lightgbm_best_191","raw_pp",1000,0.0830862667095643,0.136353926748617,0.202200109627138
