"model_id","prediction","sampled_policies","median_cv","p95_cv","max_cv"
"v2_lgb_stronger_l2","capped_pp",1000,0.0471984754655943,0.106043473313178,0.161617842900343
"v2_lgb_stronger_l2","raw_pp",1000,0.0568652287237906,0.129941527717929,0.212981016388447
