{
  "actuarial_rationale": "auto",
  "description": "ex: FF=0.539 L2=15.0",
  "hypothesis": "ex",
  "id": "lightgbm_ex_0007",
  "is_baseline": false,
  "lightgbm": {
    "capped_severity_grid": [
      {
        "bagging_fraction": 0.539302149043558,
        "feature_fraction": 0.539302149043558,
        "lambda_l2": 13.031626397485809,
        "learning_rate": 0.036,
        "min_data_in_leaf": 200,
        "num_leaves": 7
      },
      {
        "bagging_fraction": 0.539302149043558,
        "feature_fraction": 0.489302149043558,
        "lambda_l2": 12.031626397485809,
        "learning_rate": 0.031,
        "min_data_in_leaf": 150,
        "num_leaves": 11
      }
    ],
    "early_stopping_rounds": 22,
    "frequency_grid": [
      {
        "bagging_fraction": 0.539302149043558,
        "feature_fraction": 0.539302149043558,
        "lambda_l2": 15.031626397485809,
        "learning_rate": 0.036,
        "min_data_in_leaf": 1700,
        "num_leaves": 18
      },
      {
        "bagging_fraction": 0.539302149043558,
        "feature_fraction": 0.489302149043558,
        "lambda_l2": 13.031626397485809,
        "learning_rate": 0.031,
        "min_data_in_leaf": 1400,
        "num_leaves": 26
      }
    ],
    "nrounds": 175,
    "severity_grid": [
      {
        "bagging_fraction": 0.539302149043558,
        "feature_fraction": 0.539302149043558,
        "lambda_l2": 13.031626397485809,
        "learning_rate": 0.036,
        "min_data_in_leaf": 200,
        "num_leaves": 7
      },
      {
        "bagging_fraction": 0.539302149043558,
        "feature_fraction": 0.489302149043558,
        "lambda_l2": 12.031626397485809,
        "learning_rate": 0.031,
        "min_data_in_leaf": 150,
        "num_leaves": 11
      }
    ]
  },
  "model_type": "lightgbm"
}
