{
  "actuarial_rationale": "auto",
  "description": "ex: FF=0.484 L2=16.0",
  "hypothesis": "ex",
  "id": "lightgbm_ex_0032",
  "is_baseline": false,
  "lightgbm": {
    "capped_severity_grid": [
      {
        "bagging_fraction": 0.4840993330908563,
        "feature_fraction": 0.4840993330908563,
        "lambda_l2": 13.973208662570269,
        "learning_rate": 0.036,
        "min_data_in_leaf": 200,
        "num_leaves": 7
      },
      {
        "bagging_fraction": 0.4840993330908563,
        "feature_fraction": 0.4340993330908563,
        "lambda_l2": 12.973208662570269,
        "learning_rate": 0.031,
        "min_data_in_leaf": 150,
        "num_leaves": 11
      }
    ],
    "early_stopping_rounds": 22,
    "frequency_grid": [
      {
        "bagging_fraction": 0.4840993330908563,
        "feature_fraction": 0.4840993330908563,
        "lambda_l2": 15.973208662570269,
        "learning_rate": 0.036,
        "min_data_in_leaf": 1700,
        "num_leaves": 21
      },
      {
        "bagging_fraction": 0.4840993330908563,
        "feature_fraction": 0.4340993330908563,
        "lambda_l2": 13.973208662570269,
        "learning_rate": 0.031,
        "min_data_in_leaf": 1400,
        "num_leaves": 29
      }
    ],
    "nrounds": 175,
    "severity_grid": [
      {
        "bagging_fraction": 0.4840993330908563,
        "feature_fraction": 0.4840993330908563,
        "lambda_l2": 13.973208662570269,
        "learning_rate": 0.036,
        "min_data_in_leaf": 200,
        "num_leaves": 7
      },
      {
        "bagging_fraction": 0.4840993330908563,
        "feature_fraction": 0.4340993330908563,
        "lambda_l2": 12.973208662570269,
        "learning_rate": 0.031,
        "min_data_in_leaf": 150,
        "num_leaves": 11
      }
    ]
  },
  "model_type": "lightgbm"
}
