"fold","policies","claim_rows","observed_claims","predicted_claims","frequency_gini","frequency_mae","frequency_rmse","frequency_poisson_deviance","raw_severity_mae","raw_severity_rmse","raw_severity_gamma_deviance","capped_severity_mae","capped_severity_rmse","capped_severity_gamma_deviance","raw_pp_gini","raw_pp_mae","raw_pp_rmse","raw_pp_observed_loss_cost","raw_pp_predicted_loss_cost","raw_pp_calibration_gap","capped_pp_gini","capped_pp_mae","capped_pp_rmse","capped_pp_observed_loss_cost","capped_pp_predicted_loss_cost","capped_pp_calibration_gap","bad_prediction_count","parameter_count","frequency_aic","severity_aic","capped_severity_aic","frequency_bic","severity_bic","capped_severity_bic","max_abs_coefficient","policy_leakage_count"
1,110179,4303,4303,4312.1341575999,0.176061688459658,0.132335992239203,0.488300906900052,0.251240943875665,2117.3789498081,23502.1116347609,1.84554069846552,1226.78777183419,3313.13623149411,1.14107287341267,0.335879063563046,284.31818333739,10001.3506971478,161.710716456442,135.858382625462,-0.15986778364156,0.20682865458127,217.807337104934,2872.87514577628,114.537600613732,114.551280885128,0.000119439130226578,0,,,,,,,,,0
2,110178,4312,4312,4309.6997939808,0.177756762435245,0.132379186437701,0.470671319522267,0.250388381929502,1688.50527097593,9009.09341641874,1.66476038053747,1268.32494935291,3656.89770904675,1.25586786198001,0.0976492069227701,251.232253159766,8401.38209577862,144.925443892339,118.077134349627,-0.185256010412202,0.162574787118462,220.10199192527,2773.58211683645,120.815403835505,110.225562450699,-0.0876530727755972,0,,,,,,,,,0
3,110178,4326,4326,4311.74038947621,0.19150226374398,0.132549155333305,0.464424312930119,0.251379597961779,1680.37382966068,6525.39158293856,1.35924890691666,1204.70002273566,3047.69725277504,1.1158761673187,0.20547738139854,254.400774219257,3437.01696824069,124.963620134835,143.487849439663,0.148236977168561,0.200039206950321,216.419174730748,1953.69815235946,110.741277583998,117.231977170005,0.0586113843691526,0,,,,,,,,,0
