{
  "actuarial_rationale": "auto",
  "description": "ft: FF=0.518 L2=13.1",
  "hypothesis": "ft",
  "id": "lightgbm_ft_0029",
  "is_baseline": false,
  "lightgbm": {
    "capped_severity_grid": [
      {
        "bagging_fraction": 0.517604538749728,
        "feature_fraction": 0.517604538749728,
        "lambda_l2": 11.1355890045533,
        "learning_rate": 0.036,
        "min_data_in_leaf": 200,
        "num_leaves": 7
      },
      {
        "bagging_fraction": 0.517604538749728,
        "feature_fraction": 0.467604538749728,
        "lambda_l2": 10.1355890045533,
        "learning_rate": 0.031,
        "min_data_in_leaf": 150,
        "num_leaves": 11
      }
    ],
    "early_stopping_rounds": 22,
    "frequency_grid": [
      {
        "bagging_fraction": 0.517604538749728,
        "feature_fraction": 0.517604538749728,
        "lambda_l2": 13.1355890045533,
        "learning_rate": 0.036,
        "min_data_in_leaf": 1700,
        "num_leaves": 18
      },
      {
        "bagging_fraction": 0.517604538749728,
        "feature_fraction": 0.467604538749728,
        "lambda_l2": 11.1355890045533,
        "learning_rate": 0.031,
        "min_data_in_leaf": 1400,
        "num_leaves": 26
      }
    ],
    "nrounds": 175,
    "severity_grid": [
      {
        "bagging_fraction": 0.517604538749728,
        "feature_fraction": 0.517604538749728,
        "lambda_l2": 11.1355890045533,
        "learning_rate": 0.036,
        "min_data_in_leaf": 200,
        "num_leaves": 7
      },
      {
        "bagging_fraction": 0.517604538749728,
        "feature_fraction": 0.467604538749728,
        "lambda_l2": 10.1355890045533,
        "learning_rate": 0.031,
        "min_data_in_leaf": 150,
        "num_leaves": 11
      }
    ]
  },
  "model_type": "lightgbm"
}
