{
  "actuarial_rationale": "Autonomous research",
  "description": "FINE_TUNE: FF=0.522 L2=12.8 L=14",
  "hypothesis": "FINE_TUNE approach",
  "id": "lightgbm_fine_tune_0016",
  "is_baseline": false,
  "lightgbm": {
    "capped_severity_grid": [
      {
        "bagging_fraction": 0.5219653198557325,
        "feature_fraction": 0.5219653198557325,
        "lambda_l2": 10.845308764548657,
        "learning_rate": 0.036,
        "min_data_in_leaf": 200,
        "num_leaves": 7
      },
      {
        "bagging_fraction": 0.5219653198557325,
        "feature_fraction": 0.4719653198557325,
        "lambda_l2": 9.845308764548657,
        "learning_rate": 0.031,
        "min_data_in_leaf": 150,
        "num_leaves": 11
      }
    ],
    "early_stopping_rounds": 22,
    "frequency_grid": [
      {
        "bagging_fraction": 0.5219653198557325,
        "feature_fraction": 0.5219653198557325,
        "lambda_l2": 12.845308764548657,
        "learning_rate": 0.036,
        "min_data_in_leaf": 1700,
        "num_leaves": 14
      },
      {
        "bagging_fraction": 0.5219653198557325,
        "feature_fraction": 0.4719653198557325,
        "lambda_l2": 10.845308764548657,
        "learning_rate": 0.031,
        "min_data_in_leaf": 1400,
        "num_leaves": 22
      }
    ],
    "nrounds": 175,
    "severity_grid": [
      {
        "bagging_fraction": 0.5219653198557325,
        "feature_fraction": 0.5219653198557325,
        "lambda_l2": 10.845308764548657,
        "learning_rate": 0.036,
        "min_data_in_leaf": 200,
        "num_leaves": 7
      },
      {
        "bagging_fraction": 0.5219653198557325,
        "feature_fraction": 0.4719653198557325,
        "lambda_l2": 9.845308764548657,
        "learning_rate": 0.031,
        "min_data_in_leaf": 150,
        "num_leaves": 11
      }
    ]
  },
  "model_type": "lightgbm"
}
