"fold","policies","claim_rows","observed_claims","predicted_claims","frequency_gini","frequency_mae","frequency_rmse","frequency_poisson_deviance","raw_severity_mae","raw_severity_rmse","raw_severity_gamma_deviance","capped_severity_mae","capped_severity_rmse","capped_severity_gamma_deviance","raw_pp_gini","raw_pp_mae","raw_pp_rmse","raw_pp_observed_loss_cost","raw_pp_predicted_loss_cost","raw_pp_calibration_gap","capped_pp_gini","capped_pp_mae","capped_pp_rmse","capped_pp_observed_loss_cost","capped_pp_predicted_loss_cost","capped_pp_calibration_gap","bad_prediction_count","parameter_count","frequency_aic","severity_aic","capped_severity_aic","frequency_bic","severity_bic","capped_severity_bic","max_abs_coefficient","policy_leakage_count"
1,110179,4303,4303,4312.07803095601,0.177451696013515,0.13233921550467,0.488290238803971,0.251185423108072,2117.2201562467,23502.4526015555,1.84963075860476,1236.72048045636,3313.55969110562,1.1421208246442,0.339636926915788,284.246981087803,10001.3034240791,161.710716456442,135.779125534435,-0.160357900145668,0.208581721568784,218.776561100303,2872.87301185976,114.537600613732,115.606937361554,0.00933611968551641,0,,,,,,,,,0
2,110178,4312,4312,4308.87245767747,0.178045157478828,0.132375628855912,0.470665082690355,0.250382270255323,1687.81384634367,9010.63114765727,1.67637982247845,1257.60380907046,3658.34717608572,1.26098760563472,0.0903266947129049,251.121252000734,8401.39665421929,144.925443892339,117.945209958797,-0.186166301850937,0.157160869461114,219.016372211574,2773.58832578522,120.815403835505,109.044434241659,-0.0974293775475299,0,,,,,,,,,0
3,110178,4326,4326,4309.35828276543,0.191129015411844,0.132522030040467,0.464422607229482,0.25139490965597,1679.87076031489,6525.29051436518,1.35894067895306,1192.37803490926,3049.68113714412,1.12014923227112,0.206676275807578,254.4476778245,3437.02321735069,124.963620134835,143.521379902896,0.148505298966518,0.191348012062019,214.887078549121,1953.6976887649,110.741277583998,115.573113118079,0.0436317481565626,0,,,,,,,,,0
