{
  "actuarial_rationale": "auto",
  "description": "ex: FF=0.507 L2=13.2",
  "hypothesis": "ex",
  "id": "lightgbm_ex_0005",
  "is_baseline": false,
  "lightgbm": {
    "capped_severity_grid": [
      {
        "bagging_fraction": 0.5071607617774079,
        "feature_fraction": 0.5071607617774079,
        "lambda_l2": 11.186534831794454,
        "learning_rate": 0.036,
        "min_data_in_leaf": 200,
        "num_leaves": 7
      },
      {
        "bagging_fraction": 0.5071607617774079,
        "feature_fraction": 0.4571607617774079,
        "lambda_l2": 10.186534831794454,
        "learning_rate": 0.031,
        "min_data_in_leaf": 150,
        "num_leaves": 11
      }
    ],
    "early_stopping_rounds": 22,
    "frequency_grid": [
      {
        "bagging_fraction": 0.5071607617774079,
        "feature_fraction": 0.5071607617774079,
        "lambda_l2": 13.186534831794454,
        "learning_rate": 0.036,
        "min_data_in_leaf": 1700,
        "num_leaves": 15
      },
      {
        "bagging_fraction": 0.5071607617774079,
        "feature_fraction": 0.4571607617774079,
        "lambda_l2": 11.186534831794454,
        "learning_rate": 0.031,
        "min_data_in_leaf": 1400,
        "num_leaves": 23
      }
    ],
    "nrounds": 175,
    "severity_grid": [
      {
        "bagging_fraction": 0.5071607617774079,
        "feature_fraction": 0.5071607617774079,
        "lambda_l2": 11.186534831794454,
        "learning_rate": 0.036,
        "min_data_in_leaf": 200,
        "num_leaves": 7
      },
      {
        "bagging_fraction": 0.5071607617774079,
        "feature_fraction": 0.4571607617774079,
        "lambda_l2": 10.186534831794454,
        "learning_rate": 0.031,
        "min_data_in_leaf": 150,
        "num_leaves": 11
      }
    ]
  },
  "model_type": "lightgbm"
}
