{
  "actuarial_rationale": "Autonomous research",
  "description": "FINE_TUNE: FF=0.511 L2=12.7 L=15",
  "hypothesis": "FINE_TUNE approach",
  "id": "lightgbm_fine_tune_0015",
  "is_baseline": false,
  "lightgbm": {
    "capped_severity_grid": [
      {
        "bagging_fraction": 0.5109955298210979,
        "feature_fraction": 0.5109955298210979,
        "lambda_l2": 10.655609851788173,
        "learning_rate": 0.036,
        "min_data_in_leaf": 200,
        "num_leaves": 7
      },
      {
        "bagging_fraction": 0.5109955298210979,
        "feature_fraction": 0.46099552982109787,
        "lambda_l2": 9.655609851788173,
        "learning_rate": 0.031,
        "min_data_in_leaf": 150,
        "num_leaves": 11
      }
    ],
    "early_stopping_rounds": 22,
    "frequency_grid": [
      {
        "bagging_fraction": 0.5109955298210979,
        "feature_fraction": 0.5109955298210979,
        "lambda_l2": 12.655609851788173,
        "learning_rate": 0.036,
        "min_data_in_leaf": 1700,
        "num_leaves": 15
      },
      {
        "bagging_fraction": 0.5109955298210979,
        "feature_fraction": 0.46099552982109787,
        "lambda_l2": 10.655609851788173,
        "learning_rate": 0.031,
        "min_data_in_leaf": 1400,
        "num_leaves": 23
      }
    ],
    "nrounds": 175,
    "severity_grid": [
      {
        "bagging_fraction": 0.5109955298210979,
        "feature_fraction": 0.5109955298210979,
        "lambda_l2": 10.655609851788173,
        "learning_rate": 0.036,
        "min_data_in_leaf": 200,
        "num_leaves": 7
      },
      {
        "bagging_fraction": 0.5109955298210979,
        "feature_fraction": 0.46099552982109787,
        "lambda_l2": 9.655609851788173,
        "learning_rate": 0.031,
        "min_data_in_leaf": 150,
        "num_leaves": 11
      }
    ]
  },
  "model_type": "lightgbm"
}
