{
  "actuarial_rationale": "auto",
  "description": "ex: FF=0.495 L2=11.1",
  "hypothesis": "ex",
  "id": "lightgbm_ex_0012",
  "is_baseline": false,
  "lightgbm": {
    "capped_severity_grid": [
      {
        "bagging_fraction": 0.4954536917459404,
        "feature_fraction": 0.4954536917459404,
        "lambda_l2": 9.1018148234603,
        "learning_rate": 0.036,
        "min_data_in_leaf": 200,
        "num_leaves": 7
      },
      {
        "bagging_fraction": 0.4954536917459404,
        "feature_fraction": 0.4454536917459404,
        "lambda_l2": 8.1018148234603,
        "learning_rate": 0.031,
        "min_data_in_leaf": 150,
        "num_leaves": 11
      }
    ],
    "early_stopping_rounds": 22,
    "frequency_grid": [
      {
        "bagging_fraction": 0.4954536917459404,
        "feature_fraction": 0.4954536917459404,
        "lambda_l2": 11.1018148234603,
        "learning_rate": 0.036,
        "min_data_in_leaf": 1700,
        "num_leaves": 14
      },
      {
        "bagging_fraction": 0.4954536917459404,
        "feature_fraction": 0.4454536917459404,
        "lambda_l2": 9.1018148234603,
        "learning_rate": 0.031,
        "min_data_in_leaf": 1400,
        "num_leaves": 22
      }
    ],
    "nrounds": 175,
    "severity_grid": [
      {
        "bagging_fraction": 0.4954536917459404,
        "feature_fraction": 0.4954536917459404,
        "lambda_l2": 9.1018148234603,
        "learning_rate": 0.036,
        "min_data_in_leaf": 200,
        "num_leaves": 7
      },
      {
        "bagging_fraction": 0.4954536917459404,
        "feature_fraction": 0.4454536917459404,
        "lambda_l2": 8.1018148234603,
        "learning_rate": 0.031,
        "min_data_in_leaf": 150,
        "num_leaves": 11
      }
    ]
  },
  "model_type": "lightgbm"
}
