{
  "actuarial_rationale": "Breaking plateau with new direction",
  "description": "Explore: higher_ff. FF=0.538, L2=10.8, leaves=20",
  "hypothesis": "Exploration: higher_ff",
  "id": "lightgbm_ex_0010",
  "is_baseline": false,
  "lightgbm": {
    "capped_severity_grid": [
      {
        "bagging_fraction": 0.5377441420393211,
        "feature_fraction": 0.5377441420393211,
        "lambda_l2": 8.758779121801672,
        "learning_rate": 0.036,
        "min_data_in_leaf": 205,
        "num_leaves": 7
      },
      {
        "bagging_fraction": 0.5377441420393211,
        "feature_fraction": 0.4877441420393211,
        "lambda_l2": 7.7587791218016715,
        "learning_rate": 0.031,
        "min_data_in_leaf": 155,
        "num_leaves": 11
      }
    ],
    "early_stopping_rounds": 22,
    "frequency_grid": [
      {
        "bagging_fraction": 0.5377441420393211,
        "feature_fraction": 0.5377441420393211,
        "lambda_l2": 10.758779121801672,
        "learning_rate": 0.036,
        "min_data_in_leaf": 1700,
        "num_leaves": 20
      },
      {
        "bagging_fraction": 0.5377441420393211,
        "feature_fraction": 0.4877441420393211,
        "lambda_l2": 8.758779121801672,
        "learning_rate": 0.031,
        "min_data_in_leaf": 1400,
        "num_leaves": 28
      }
    ],
    "nrounds": 180,
    "severity_grid": [
      {
        "bagging_fraction": 0.5377441420393211,
        "feature_fraction": 0.5377441420393211,
        "lambda_l2": 8.758779121801672,
        "learning_rate": 0.036,
        "min_data_in_leaf": 205,
        "num_leaves": 7
      },
      {
        "bagging_fraction": 0.5377441420393211,
        "feature_fraction": 0.4877441420393211,
        "lambda_l2": 7.7587791218016715,
        "learning_rate": 0.031,
        "min_data_in_leaf": 155,
        "num_leaves": 11
      }
    ]
  },
  "model_type": "lightgbm"
}
