{
  "actuarial_rationale": "Exploiting sweet spot",
  "description": "Fine-tune: ff. FF=0.518, L2=13.2",
  "hypothesis": "Targeted ff variation",
  "id": "lightgbm_ft_0005",
  "is_baseline": false,
  "lightgbm": {
    "capped_severity_grid": [
      {
        "bagging_fraction": 0.5181871076085686,
        "feature_fraction": 0.5181871076085686,
        "lambda_l2": 10.2142,
        "learning_rate": 0.036,
        "min_data_in_leaf": 215,
        "num_leaves": 7
      },
      {
        "bagging_fraction": 0.5181871076085686,
        "feature_fraction": 0.4681871076085686,
        "lambda_l2": 9.2142,
        "learning_rate": 0.030999999999999996,
        "min_data_in_leaf": 165,
        "num_leaves": 11
      }
    ],
    "early_stopping_rounds": 22,
    "frequency_grid": [
      {
        "bagging_fraction": 0.5181871076085686,
        "feature_fraction": 0.5181871076085686,
        "lambda_l2": 13.2142,
        "learning_rate": 0.036,
        "min_data_in_leaf": 1700,
        "num_leaves": 17
      },
      {
        "bagging_fraction": 0.5181871076085686,
        "feature_fraction": 0.4681871076085686,
        "lambda_l2": 11.2142,
        "learning_rate": 0.030999999999999996,
        "min_data_in_leaf": 1360,
        "num_leaves": 25
      }
    ],
    "nrounds": 178,
    "severity_grid": [
      {
        "bagging_fraction": 0.5181871076085686,
        "feature_fraction": 0.5181871076085686,
        "lambda_l2": 10.2142,
        "learning_rate": 0.036,
        "min_data_in_leaf": 215,
        "num_leaves": 7
      },
      {
        "bagging_fraction": 0.5181871076085686,
        "feature_fraction": 0.4681871076085686,
        "lambda_l2": 9.2142,
        "learning_rate": 0.030999999999999996,
        "min_data_in_leaf": 165,
        "num_leaves": 11
      }
    ]
  },
  "model_type": "lightgbm"
}
