{
  "actuarial_rationale": "auto",
  "description": "ps: FF=0.482 L2=16.8",
  "hypothesis": "ps",
  "id": "lightgbm_ps_0002",
  "is_baseline": false,
  "lightgbm": {
    "capped_severity_grid": [
      {
        "bagging_fraction": 0.48159180678178115,
        "feature_fraction": 0.48159180678178115,
        "lambda_l2": 14.81075573630682,
        "learning_rate": 0.036,
        "min_data_in_leaf": 200,
        "num_leaves": 7
      },
      {
        "bagging_fraction": 0.48159180678178115,
        "feature_fraction": 0.43159180678178116,
        "lambda_l2": 13.81075573630682,
        "learning_rate": 0.031,
        "min_data_in_leaf": 150,
        "num_leaves": 11
      }
    ],
    "early_stopping_rounds": 22,
    "frequency_grid": [
      {
        "bagging_fraction": 0.48159180678178115,
        "feature_fraction": 0.48159180678178115,
        "lambda_l2": 16.81075573630682,
        "learning_rate": 0.036,
        "min_data_in_leaf": 1700,
        "num_leaves": 18
      },
      {
        "bagging_fraction": 0.48159180678178115,
        "feature_fraction": 0.43159180678178116,
        "lambda_l2": 14.81075573630682,
        "learning_rate": 0.031,
        "min_data_in_leaf": 1400,
        "num_leaves": 26
      }
    ],
    "nrounds": 175,
    "severity_grid": [
      {
        "bagging_fraction": 0.48159180678178115,
        "feature_fraction": 0.48159180678178115,
        "lambda_l2": 14.81075573630682,
        "learning_rate": 0.036,
        "min_data_in_leaf": 200,
        "num_leaves": 7
      },
      {
        "bagging_fraction": 0.48159180678178115,
        "feature_fraction": 0.43159180678178116,
        "lambda_l2": 13.81075573630682,
        "learning_rate": 0.031,
        "min_data_in_leaf": 150,
        "num_leaves": 11
      }
    ]
  },
  "model_type": "lightgbm"
}
