{
  "actuarial_rationale": "auto",
  "description": "ft: FF=0.515 L2=12.6",
  "hypothesis": "ft",
  "id": "lightgbm_ft_0020",
  "is_baseline": false,
  "lightgbm": {
    "capped_severity_grid": [
      {
        "bagging_fraction": 0.5149163939120129,
        "feature_fraction": 0.5149163939120129,
        "lambda_l2": 10.649252914592413,
        "learning_rate": 0.036,
        "min_data_in_leaf": 200,
        "num_leaves": 7
      },
      {
        "bagging_fraction": 0.5149163939120129,
        "feature_fraction": 0.46491639391201295,
        "lambda_l2": 9.649252914592413,
        "learning_rate": 0.031,
        "min_data_in_leaf": 150,
        "num_leaves": 11
      }
    ],
    "early_stopping_rounds": 22,
    "frequency_grid": [
      {
        "bagging_fraction": 0.5149163939120129,
        "feature_fraction": 0.5149163939120129,
        "lambda_l2": 12.649252914592413,
        "learning_rate": 0.036,
        "min_data_in_leaf": 1700,
        "num_leaves": 18
      },
      {
        "bagging_fraction": 0.5149163939120129,
        "feature_fraction": 0.46491639391201295,
        "lambda_l2": 10.649252914592413,
        "learning_rate": 0.031,
        "min_data_in_leaf": 1400,
        "num_leaves": 26
      }
    ],
    "nrounds": 175,
    "severity_grid": [
      {
        "bagging_fraction": 0.5149163939120129,
        "feature_fraction": 0.5149163939120129,
        "lambda_l2": 10.649252914592413,
        "learning_rate": 0.036,
        "min_data_in_leaf": 200,
        "num_leaves": 7
      },
      {
        "bagging_fraction": 0.5149163939120129,
        "feature_fraction": 0.46491639391201295,
        "lambda_l2": 9.649252914592413,
        "learning_rate": 0.031,
        "min_data_in_leaf": 150,
        "num_leaves": 11
      }
    ]
  },
  "model_type": "lightgbm"
}
