{
  "actuarial_rationale": "auto",
  "description": "ex: FF=0.490 L2=10.3",
  "hypothesis": "ex",
  "id": "lightgbm_ex_0017",
  "is_baseline": false,
  "lightgbm": {
    "capped_severity_grid": [
      {
        "bagging_fraction": 0.49049594744844605,
        "feature_fraction": 0.49049594744844605,
        "lambda_l2": 8.257920701945531,
        "learning_rate": 0.036,
        "min_data_in_leaf": 200,
        "num_leaves": 7
      },
      {
        "bagging_fraction": 0.49049594744844605,
        "feature_fraction": 0.44049594744844606,
        "lambda_l2": 7.257920701945531,
        "learning_rate": 0.031,
        "min_data_in_leaf": 150,
        "num_leaves": 11
      }
    ],
    "early_stopping_rounds": 22,
    "frequency_grid": [
      {
        "bagging_fraction": 0.49049594744844605,
        "feature_fraction": 0.49049594744844605,
        "lambda_l2": 10.257920701945531,
        "learning_rate": 0.036,
        "min_data_in_leaf": 1700,
        "num_leaves": 15
      },
      {
        "bagging_fraction": 0.49049594744844605,
        "feature_fraction": 0.44049594744844606,
        "lambda_l2": 8.257920701945531,
        "learning_rate": 0.031,
        "min_data_in_leaf": 1400,
        "num_leaves": 23
      }
    ],
    "nrounds": 175,
    "severity_grid": [
      {
        "bagging_fraction": 0.49049594744844605,
        "feature_fraction": 0.49049594744844605,
        "lambda_l2": 8.257920701945531,
        "learning_rate": 0.036,
        "min_data_in_leaf": 200,
        "num_leaves": 7
      },
      {
        "bagging_fraction": 0.49049594744844605,
        "feature_fraction": 0.44049594744844606,
        "lambda_l2": 7.257920701945531,
        "learning_rate": 0.031,
        "min_data_in_leaf": 150,
        "num_leaves": 11
      }
    ]
  },
  "model_type": "lightgbm"
}
