{
  "actuarial_rationale": "Autonomous research",
  "description": "FINE_TUNE: FF=0.514 L2=12.7 L=18",
  "hypothesis": "FINE_TUNE approach",
  "id": "lightgbm_fine_tune_0006",
  "is_baseline": false,
  "lightgbm": {
    "capped_severity_grid": [
      {
        "bagging_fraction": 0.5137381111761232,
        "feature_fraction": 0.5137381111761232,
        "lambda_l2": 10.71854804031404,
        "learning_rate": 0.036,
        "min_data_in_leaf": 200,
        "num_leaves": 7
      },
      {
        "bagging_fraction": 0.5137381111761232,
        "feature_fraction": 0.46373811117612324,
        "lambda_l2": 9.71854804031404,
        "learning_rate": 0.031,
        "min_data_in_leaf": 150,
        "num_leaves": 11
      }
    ],
    "early_stopping_rounds": 22,
    "frequency_grid": [
      {
        "bagging_fraction": 0.5137381111761232,
        "feature_fraction": 0.5137381111761232,
        "lambda_l2": 12.71854804031404,
        "learning_rate": 0.036,
        "min_data_in_leaf": 1700,
        "num_leaves": 18
      },
      {
        "bagging_fraction": 0.5137381111761232,
        "feature_fraction": 0.46373811117612324,
        "lambda_l2": 10.71854804031404,
        "learning_rate": 0.031,
        "min_data_in_leaf": 1400,
        "num_leaves": 26
      }
    ],
    "nrounds": 175,
    "severity_grid": [
      {
        "bagging_fraction": 0.5137381111761232,
        "feature_fraction": 0.5137381111761232,
        "lambda_l2": 10.71854804031404,
        "learning_rate": 0.036,
        "min_data_in_leaf": 200,
        "num_leaves": 7
      },
      {
        "bagging_fraction": 0.5137381111761232,
        "feature_fraction": 0.46373811117612324,
        "lambda_l2": 9.71854804031404,
        "learning_rate": 0.031,
        "min_data_in_leaf": 150,
        "num_leaves": 11
      }
    ]
  },
  "model_type": "lightgbm"
}
