"fold","policies","claim_rows","observed_claims","predicted_claims","frequency_gini","frequency_mae","frequency_rmse","frequency_poisson_deviance","raw_severity_mae","raw_severity_rmse","raw_severity_gamma_deviance","capped_severity_mae","capped_severity_rmse","capped_severity_gamma_deviance","raw_pp_gini","raw_pp_mae","raw_pp_rmse","raw_pp_observed_loss_cost","raw_pp_predicted_loss_cost","raw_pp_calibration_gap","capped_pp_gini","capped_pp_mae","capped_pp_rmse","capped_pp_observed_loss_cost","capped_pp_predicted_loss_cost","capped_pp_calibration_gap","bad_prediction_count","parameter_count","frequency_aic","severity_aic","capped_severity_aic","frequency_bic","severity_bic","capped_severity_bic","max_abs_coefficient","policy_leakage_count"
1,110179,4303,4303,4311.69917705594,0.175998522310099,0.132328634627819,0.488297936404578,0.251235988483743,2116.55695098514,23502.7249674656,1.85289670800551,1238.04665851538,3313.86667917531,1.14287582366948,0.335913566027813,284.218634820512,10001.3617513759,161.710716456442,135.752214154772,-0.160524316943841,0.20816566625424,218.812203248687,2872.88391995219,114.537600613732,115.655555592552,0.00976059366382287,0,,,,,,,,,0
2,110178,4312,4312,4309.70138685609,0.178206121564152,0.132377974423302,0.470662037999968,0.250353023728509,1663.45953176071,9012.3222056347,1.69083581666774,1255.43978812038,3658.15654375196,1.26040562981503,0.0952411341207922,248.663606819606,8401.39849311224,144.925443892339,115.254145640814,-0.204734913722724,0.158952326707229,218.900308641644,2773.58580781457,120.815403835505,108.931610417867,-0.0983632305183457,0,,,,,,,,,0
3,110178,4326,4326,4309.244706328,0.191840439921671,0.132508475487337,0.464415298656681,0.251345116925545,1677.98250344847,6525.59521225213,1.36001834138973,1177.63155529127,3050.74220829539,1.12320322927099,0.204542539482709,254.192590221843,3437.01965817256,124.963620134835,143.264048309949,0.146446046900439,0.188439316191203,213.464331913854,1953.6946330296,110.741277583998,114.035897286628,0.0297506022551634,0,,,,,,,,,0
