"model_id","prediction","sampled_policies","median_cv","p95_cv","max_cv"
"v2_lgb_lower_learning_rate","capped_pp",1000,0.043092333157212,0.106283042177157,0.192437008534107
"v2_lgb_lower_learning_rate","raw_pp",1000,0.0708211952306775,0.145323284640318,0.277272964536212
