"fold","policies","claim_rows","observed_claims","predicted_claims","frequency_gini","frequency_mae","frequency_rmse","frequency_poisson_deviance","raw_severity_mae","raw_severity_rmse","raw_severity_gamma_deviance","capped_severity_mae","capped_severity_rmse","capped_severity_gamma_deviance","raw_pp_gini","raw_pp_mae","raw_pp_rmse","raw_pp_observed_loss_cost","raw_pp_predicted_loss_cost","raw_pp_calibration_gap","capped_pp_gini","capped_pp_mae","capped_pp_rmse","capped_pp_observed_loss_cost","capped_pp_predicted_loss_cost","capped_pp_calibration_gap","bad_prediction_count","parameter_count","frequency_aic","severity_aic","capped_severity_aic","frequency_bic","severity_bic","capped_severity_bic","max_abs_coefficient","policy_leakage_count"
1,110179,4303,4303,4311.250703618,0.17702244820111,0.132329291700768,0.488291857739508,0.251198542615983,2070.41480534967,23501.9168505294,1.84328150098316,1233.86455456195,3313.16264537462,1.14112153366614,0.33478170484295,280.235095971097,10001.3083129091,161.710716456442,131.366413058519,-0.187645593704955,0.209460858755443,218.45428973691,2872.87281323743,114.537600613732,115.253527453518,0.00625058352846137,0,,,,,,,,,0
2,110178,4312,4312,4308.44406337447,0.177138257072912,0.132369825436686,0.47066713179878,0.25039963049271,1658.85583503514,9012.53901965781,1.69088367842961,1256.37152300777,3657.8041306946,1.25938384103741,0.0927742152683779,248.320871683144,8401.40036443352,144.925443892339,114.865932741071,-0.207413621403835,0.15832425293475,218.909471355318,2773.58351571472,120.815403835505,108.932022179353,-0.0983598223313678,0,,,,,,,,,0
3,110178,4326,4326,4311.04628622243,0.190879753118288,0.132542839088705,0.464420285834677,0.251386501825009,1677.06555923534,6525.40775062627,1.35907233751372,1200.92633212454,3048.01427507082,1.11659821878082,0.203297695409398,254.253305874678,3437.02101476109,124.963620134835,143.310244407139,0.14681572326817,0.197844282362146,215.935331081274,1953.68797271703,110.741277583998,116.706894215727,0.0538698555938559,0,,,,,,,,,0
