{
  "actuarial_rationale": "auto",
  "description": "ft: FF=0.514 L2=12.9",
  "hypothesis": "ft",
  "id": "lightgbm_ft_0011",
  "is_baseline": false,
  "lightgbm": {
    "capped_severity_grid": [
      {
        "bagging_fraction": 0.514251600118461,
        "feature_fraction": 0.514251600118461,
        "lambda_l2": 10.898408463598152,
        "learning_rate": 0.036,
        "min_data_in_leaf": 200,
        "num_leaves": 7
      },
      {
        "bagging_fraction": 0.514251600118461,
        "feature_fraction": 0.46425160011846106,
        "lambda_l2": 9.898408463598152,
        "learning_rate": 0.031,
        "min_data_in_leaf": 150,
        "num_leaves": 11
      }
    ],
    "early_stopping_rounds": 22,
    "frequency_grid": [
      {
        "bagging_fraction": 0.514251600118461,
        "feature_fraction": 0.514251600118461,
        "lambda_l2": 12.898408463598152,
        "learning_rate": 0.036,
        "min_data_in_leaf": 1700,
        "num_leaves": 17
      },
      {
        "bagging_fraction": 0.514251600118461,
        "feature_fraction": 0.46425160011846106,
        "lambda_l2": 10.898408463598152,
        "learning_rate": 0.031,
        "min_data_in_leaf": 1400,
        "num_leaves": 25
      }
    ],
    "nrounds": 175,
    "severity_grid": [
      {
        "bagging_fraction": 0.514251600118461,
        "feature_fraction": 0.514251600118461,
        "lambda_l2": 10.898408463598152,
        "learning_rate": 0.036,
        "min_data_in_leaf": 200,
        "num_leaves": 7
      },
      {
        "bagging_fraction": 0.514251600118461,
        "feature_fraction": 0.46425160011846106,
        "lambda_l2": 9.898408463598152,
        "learning_rate": 0.031,
        "min_data_in_leaf": 150,
        "num_leaves": 11
      }
    ]
  },
  "model_type": "lightgbm"
}
