"fold","policies","claim_rows","observed_claims","predicted_claims","frequency_gini","frequency_mae","frequency_rmse","frequency_poisson_deviance","raw_severity_mae","raw_severity_rmse","raw_severity_gamma_deviance","capped_severity_mae","capped_severity_rmse","capped_severity_gamma_deviance","raw_pp_gini","raw_pp_mae","raw_pp_rmse","raw_pp_observed_loss_cost","raw_pp_predicted_loss_cost","raw_pp_calibration_gap","capped_pp_gini","capped_pp_mae","capped_pp_rmse","capped_pp_observed_loss_cost","capped_pp_predicted_loss_cost","capped_pp_calibration_gap","bad_prediction_count","parameter_count","frequency_aic","severity_aic","capped_severity_aic","frequency_bic","severity_bic","capped_severity_bic","max_abs_coefficient","policy_leakage_count"
1,110179,4303,4303,4311.65382682358,0.175839800097228,0.132327238852958,0.488295111424934,0.251229773023982,2117.79534648386,23502.6369610064,1.85179975769088,1230.87442377024,3313.87585749997,1.14283265539546,0.339262049795972,284.291804023777,10001.3559687406,161.710716456442,135.835196939759,-0.160011161187652,0.20453565716309,218.187941175254,2872.8878817752,114.537600613732,114.956958928312,0.00366131569312733,0,,,,,,,,,0
2,110178,4312,4312,4310.16523595573,0.177141101320094,0.132386322098575,0.4706673041628,0.250393573735702,1660.14145123086,9012.24660567943,1.69146619854227,1255.91657765649,3658.09223995907,1.26016481763702,0.0933570291937273,248.492361415827,8401.40474308848,144.925443892339,115.054725036931,-0.206110935755341,0.158074886408303,218.901835889706,2773.58729980464,120.815403835505,108.930920231757,-0.0983689432510578,0,,,,,,,,,0
3,110178,4326,4326,4310.48392560488,0.192487301987559,0.132524121288316,0.464412952016705,0.251330327598442,1676.42266706013,6525.21883168277,1.35843276615337,1181.30237849779,3048.09543825223,1.11662655711056,0.206588959005719,254.180836651226,3437.01685935337,124.963620134835,143.258004083721,0.146397679013676,0.196759906553147,214.037759544555,1953.67854043356,110.741277583998,114.68041195355,0.0355706061505768,0,,,,,,,,,0
